Key,Player Name,Player Team,Season,Position,Games Played,Games Started,Season Age,Rec Receptions,Rec Red Zone Targets,Rec Touchdowns,Rec Yards,Fumbles,Lost Fumbles,Rush Attempts,Rush Avg Yards,Rush Red Zone Attempts,Rush Scrambles,Rush Touchdowns,Rush Yards,Passing Completion Pct,Passing Hurries,Passing Interceptions,Passing Redzone Attempts,Passing Touchdowns,Passing Yards,Field Goal Attempts,Field Goal Longest,Field Goal Made,Field Goal Yards,Extra Pts Attempts,Extra Pts Made
0742d2ea-1cf2-49a6-a150-77ba6e034d8c 2012 768c92aa-75ff-4a43-bcc0-f2798c2e1724,Ryan Fitzpatrick,Bills,2012,QB,16,16,30,,,,,8.0,6.0,48.0,4.104,0.0,0.0,1.0,197.0,60.594,0.0,16.0,5.0,24.0,3400.0,,,,,,
0742d2ea-1cf2-49a6-a150-77ba6e034d8c 2013 d26a1ca5-722d-4274-8f97-c92e49c96315,Ryan Fitzpatrick,Titans,2013,QB,11,9,31,1.0,1.0,0.0,0.0,9.0,2.0,43.0,5.233,8.0,0.0,3.0,225.0,62.0,0.0,12.0,41.0,14.0,2454.0,,,,,,
0742d2ea-1cf2-49a6-a150-77ba6e034d8c 2014 82d2d380-3834-4938-835f-aec541e5ece7,Ryan Fitzpatrick,Texans,2014,QB,12,12,32,,,,,5.0,1.0,50.0,3.68,7.0,0.0,2.0,184.0,63.14100000000001,0.0,8.0,38.0,17.0,2483.0,,,,,,
0742d2ea-1cf2-49a6-a150-77ba6e034d8c 2015 5fee86ae-74ab-4bdd-8416-42a9dd9964f3,Ryan Fitzpatrick,Jets,2015,QB,16,16,33,,,,,5.0,2.0,60.0,4.5,9.0,33.0,2.0,270.0,59.609,139.0,15.0,72.0,31.0,3905.0,,,,,,
0742d2ea-1cf2-49a6-a150-77ba6e034d8c 2016 5fee86ae-74ab-4bdd-8416-42a9dd9964f3,Ryan Fitzpatrick,Jets,2016,QB,14,11,34,,,,,9.0,1.0,33.0,3.939,1.0,21.0,0.0,130.0,56.576,61.0,17.0,27.0,12.0,2710.0,,,,,,
0742d2ea-1cf2-49a6-a150-77ba6e034d8c 2017 4254d319-1bc7-4f81-b4ab-b5e6f3402b69,Ryan Fitzpatrick,Buccaneers,2017,QB,6,3,35,,,,,,,15.0,5.2,0.0,10.0,0.0,78.0,58.896,19.0,3.0,10.0,7.0,1103.0,,,,,,
0742d2ea-1cf2-49a6-a150-77ba6e034d8c 2018 4254d319-1bc7-4f81-b4ab-b5e6f3402b69,Ryan Fitzpatrick,Buccaneers,2018,QB,8,7,36,,,,,4.0,1.0,36.0,4.222,5.0,23.0,2.0,152.0,66.667,24.0,12.0,21.0,17.0,2366.0,,,,,,
5812204c-6dae-4450-8011-99e0f72864ac 2012 4809ecb0-abd3-451d-9c4a-92a90b83ca06,Ryan Tannehill,Dolphins,2012,QB,16,16,24,,,,,9.0,4.0,49.0,4.306,0.0,0.0,2.0,211.0,58.264,0.0,13.0,5.0,12.0,3294.0,,,,,,
5812204c-6dae-4450-8011-99e0f72864ac 2013 4809ecb0-abd3-451d-9c4a-92a90b83ca06,Ryan Tannehill,Dolphins,2013,QB,16,16,25,,,,,9.0,5.0,40.0,5.95,5.0,0.0,1.0,238.0,60.374,0.0,17.0,64.0,24.0,3913.0,,,,,,
5812204c-6dae-4450-8011-99e0f72864ac 2014 4809ecb0-abd3-451d-9c4a-92a90b83ca06,Ryan Tannehill,Dolphins,2014,QB,16,16,26,1.0,0.0,0.0,-4.0,9.0,2.0,56.0,5.5539999999999985,7.0,0.0,1.0,311.0,66.441,0.0,12.0,89.0,27.0,4045.0,,,,,,
5812204c-6dae-4450-8011-99e0f72864ac 2015 4809ecb0-abd3-451d-9c4a-92a90b83ca06,Ryan Tannehill,Dolphins,2015,QB,16,16,27,1.0,0.0,0.0,9.0,10.0,3.0,32.0,4.4060000000000015,2.0,6.0,1.0,141.0,61.945,138.0,12.0,68.0,24.0,4208.0,,,,,,
5812204c-6dae-4450-8011-99e0f72864ac 2016 4809ecb0-abd3-451d-9c4a-92a90b83ca06,Ryan Tannehill,Dolphins,2016,QB,13,13,28,,,,,9.0,3.0,39.0,4.205,5.0,14.0,1.0,164.0,67.095,53.0,12.0,18.0,19.0,2995.0,,,,,,
5812204c-6dae-4450-8011-99e0f72864ac 2018 4809ecb0-abd3-451d-9c4a-92a90b83ca06,Ryan Tannehill,Dolphins,2018,QB,11,11,30,1.0,1.0,1.0,3.0,5.0,4.0,32.0,4.5310000000000015,0.0,7.0,0.0,145.0,64.234,30.0,9.0,13.0,17.0,1979.0,,,,,,
e6c40f79-1bbd-4f62-9391-7f535f110c0d 2012 5fee86ae-74ab-4bdd-8416-42a9dd9964f3,Mark Sanchez,Jets,2012,QB,15,15,26,,,,,14.0,8.0,22.0,1.273,0.0,0.0,0.0,28.0,54.305,0.0,18.0,4.0,13.0,2883.0,,,,,,
e6c40f79-1bbd-4f62-9391-7f535f110c0d 2013 5fee86ae-74ab-4bdd-8416-42a9dd9964f3,Mark Sanchez,Jets,2013,QB,0,0,27,,,,,,,,,,,,,,,,,,,,,,,,
e6c40f79-1bbd-4f62-9391-7f535f110c0d 2014 386bdbf9-9eea-4869-bb9a-274b0bc66e80,Mark Sanchez,Eagles,2014,QB,9,8,28,,,,,7.0,3.0,34.0,2.559,5.0,0.0,1.0,87.0,64.078,0.0,11.0,42.0,14.0,2418.0,,,,,,
e6c40f79-1bbd-4f62-9391-7f535f110c0d 2015 386bdbf9-9eea-4869-bb9a-274b0bc66e80,Mark Sanchez,Eagles,2015,QB,4,2,29,,,,,1.0,1.0,6.0,3.667,0.0,2.0,0.0,22.0,64.835,20.0,4.0,3.0,4.0,616.0,,,,,,
e6c40f79-1bbd-4f62-9391-7f535f110c0d 2016 e627eec7-bbae-4fa4-8e73-8e1d6bc5c060,Mark Sanchez,Cowboys,2016,QB,2,0,30,,,,,,,4.0,-0.5,0.0,1.0,0.0,-2.0,55.556,5.0,2.0,1.0,0.0,93.0,,,,,,
e6c40f79-1bbd-4f62-9391-7f535f110c0d 2017 7b112545-38e6-483c-a55c-96cf6ee49cb8,Mark Sanchez,Bears,2017,QB,0,0,31,,,,,,,,,,,,,,,,,,,,,,,,
e6c40f79-1bbd-4f62-9391-7f535f110c0d 2018 22052ff7-c065-42ee-bc8f-c4691c50e624,Mark Sanchez,Redskins,2018,QB,2,1,32,,,,,1.0,0.0,1.0,8.0,0.0,1.0,0.0,8.0,54.286,10.0,3.0,0.0,0.0,138.0,,,,,,
41c44740-d0f6-44ab-8347-3b5d515e5ecf 2012 97354895-8c77-4fd4-a860-32e62ea7382a,Tom Brady,Patriots,2012,QB,16,16,35,,,,,2.0,0.0,23.0,1.391,0.0,0.0,4.0,32.0,62.951,0.0,8.0,3.0,34.0,4827.0,,,,,,
41c44740-d0f6-44ab-8347-3b5d515e5ecf 2013 97354895-8c77-4fd4-a860-32e62ea7382a,Tom Brady,Patriots,2013,QB,16,16,36,,,,,9.0,3.0,32.0,0.563,7.0,0.0,0.0,18.0,60.51,0.0,11.0,83.0,25.0,4343.0,,,,,,
41c44740-d0f6-44ab-8347-3b5d515e5ecf 2014 97354895-8c77-4fd4-a860-32e62ea7382a,Tom Brady,Patriots,2014,QB,16,16,37,,,,,6.0,3.0,36.0,1.5830000000000002,11.0,0.0,0.0,57.0,64.089,0.0,9.0,74.0,33.0,4109.0,,,,,,
41c44740-d0f6-44ab-8347-3b5d515e5ecf 2015 97354895-8c77-4fd4-a860-32e62ea7382a,Tom Brady,Patriots,2015,QB,16,16,38,1.0,0.0,0.0,36.0,6.0,2.0,34.0,1.5590000000000002,6.0,8.0,3.0,53.0,64.423,133.0,7.0,83.0,36.0,4770.0,,,,,,
41c44740-d0f6-44ab-8347-3b5d515e5ecf 2016 97354895-8c77-4fd4-a860-32e62ea7382a,Tom Brady,Patriots,2016,QB,12,12,39,,,,,5.0,0.0,28.0,2.286,5.0,12.0,0.0,64.0,67.361,52.0,2.0,32.0,28.0,3554.0,,,,,,
41c44740-d0f6-44ab-8347-3b5d515e5ecf 2017 97354895-8c77-4fd4-a860-32e62ea7382a,Tom Brady,Patriots,2017,QB,16,16,40,,,,,7.0,3.0,25.0,1.12,2.0,5.0,0.0,28.0,66.265,64.0,8.0,36.0,32.0,4577.0,,,,,,
41c44740-d0f6-44ab-8347-3b5d515e5ecf 2018 97354895-8c77-4fd4-a860-32e62ea7382a,Tom Brady,Patriots,2018,QB,16,16,41,1.0,0.0,0.0,6.0,4.0,2.0,23.0,1.5219999999999998,3.0,5.0,2.0,35.0,65.789,48.0,11.0,41.0,29.0,4355.0,,,,,,
d2a0e5af-3850-4f16-8e40-a0b1d15c2ce1 2012 ad4ae08f-d808-42d5-a1e6-e9bc4e34d123,Andy Dalton,Bengals,2012,QB,16,16,25,,,,,4.0,4.0,47.0,2.553,0.0,0.0,4.0,120.0,62.31100000000001,0.0,16.0,8.0,27.0,3669.0,,,,,,
d2a0e5af-3850-4f16-8e40-a0b1d15c2ce1 2013 ad4ae08f-d808-42d5-a1e6-e9bc4e34d123,Andy Dalton,Bengals,2013,QB,16,16,26,,,,,4.0,3.0,61.0,3.0,6.0,0.0,2.0,183.0,61.945,0.0,20.0,65.0,33.0,4293.0,,,,,,
d2a0e5af-3850-4f16-8e40-a0b1d15c2ce1 2014 ad4ae08f-d808-42d5-a1e6-e9bc4e34d123,Andy Dalton,Bengals,2014,QB,16,16,27,1.0,1.0,1.0,18.0,3.0,2.0,60.0,2.817,11.0,0.0,4.0,169.0,64.241,0.0,17.0,51.0,19.0,3398.0,,,,,,
d2a0e5af-3850-4f16-8e40-a0b1d15c2ce1 2015 ad4ae08f-d808-42d5-a1e6-e9bc4e34d123,Andy Dalton,Bengals,2015,QB,13,13,28,,,,,5.0,2.0,57.0,2.491,12.0,26.0,3.0,142.0,66.062,72.0,7.0,56.0,25.0,3250.0,,,,,,
d2a0e5af-3850-4f16-8e40-a0b1d15c2ce1 2016 ad4ae08f-d808-42d5-a1e6-e9bc4e34d123,Andy Dalton,Bengals,2016,QB,16,16,29,,,,,9.0,3.0,46.0,4.0,4.0,22.0,4.0,184.0,64.654,75.0,8.0,27.0,18.0,4206.0,,,,,,
d2a0e5af-3850-4f16-8e40-a0b1d15c2ce1 2017 ad4ae08f-d808-42d5-a1e6-e9bc4e34d123,Andy Dalton,Bengals,2017,QB,16,16,30,,,,,4.0,4.0,38.0,2.605,3.0,12.0,0.0,99.0,59.879,67.0,12.0,31.0,25.0,3320.0,,,,,,
d2a0e5af-3850-4f16-8e40-a0b1d15c2ce1 2018 ad4ae08f-d808-42d5-a1e6-e9bc4e34d123,Andy Dalton,Bengals,2018,QB,11,11,31,,,,,1.0,0.0,16.0,6.188,0.0,12.0,0.0,99.0,61.918,54.0,11.0,24.0,21.0,2566.0,,,,,,
01291a8d-d97c-4d88-b497-b5ad4b72f626 2012 d5a2eb42-8065-4174-ab79-0a6fa820e35e,Brandon Weeden,Browns,2012,QB,15,15,29,0.0,0.0,0.0,-9.0,6.0,1.0,27.0,4.1110000000000015,0.0,0.0,0.0,111.0,57.447,0.0,17.0,6.0,14.0,3385.0,,,,,,
01291a8d-d97c-4d88-b497-b5ad4b72f626 2013 d5a2eb42-8065-4174-ab79-0a6fa820e35e,Brandon Weeden,Browns,2013,QB,8,5,30,,,,,6.0,2.0,12.0,3.667,1.0,0.0,0.0,44.0,52.809,0.0,9.0,28.0,9.0,1731.0,,,,,,
01291a8d-d97c-4d88-b497-b5ad4b72f626 2014 e627eec7-bbae-4fa4-8e73-8e1d6bc5c060,Brandon Weeden,Cowboys,2014,QB,5,1,31,,,,,1.0,0.0,6.0,-0.16699999999999998,0.0,0.0,0.0,-1.0,58.537,0.0,2.0,6.0,3.0,303.0,,,,,,
01291a8d-d97c-4d88-b497-b5ad4b72f626 2015 82d2d380-3834-4938-835f-aec541e5ece7,Brandon Weeden,Texans,2015,QB,2,1,32,,,,,2.0,1.0,7.0,2.4290000000000003,2.0,4.0,1.0,17.0,61.905,9.0,0.0,9.0,3.0,305.0,,,,,,
01291a8d-d97c-4d88-b497-b5ad4b72f626 2015 e627eec7-bbae-4fa4-8e73-8e1d6bc5c060,Brandon Weeden,Cowboys,2015,QB,4,3,32,,,,,,,9.0,3.333,0.0,5.0,0.0,30.0,72.449,11.0,2.0,10.0,2.0,738.0,,,,,,
01291a8d-d97c-4d88-b497-b5ad4b72f626 2016 82d2d380-3834-4938-835f-aec541e5ece7,Brandon Weeden,Texans,2016,QB,0,0,33,,,,,,,,,,,,,,,,,,,,,,,,
01291a8d-d97c-4d88-b497-b5ad4b72f626 2017 d26a1ca5-722d-4274-8f97-c92e49c96315,Brandon Weeden,Titans,2017,QB,0,0,34,,,,,,,,,,,,,,,,,,,,,,,,
01291a8d-d97c-4d88-b497-b5ad4b72f626 2018 82d2d380-3834-4938-835f-aec541e5ece7,Brandon Weeden,Texans,2018,QB,1,0,35,,,,,,,1.0,-1.0,0.0,0.0,0.0,-1.0,,,,,,,,,,,,
3699dfd9-d437-43f7-b674-adbb31e7e64b 2012 d5a2eb42-8065-4174-ab79-0a6fa820e35e,Colt McCoy,Browns,2012,QB,3,0,26,,,,,,,4.0,3.75,0.0,0.0,0.0,15.0,52.941,0.0,0.0,0.0,1.0,79.0,,,,,,
3699dfd9-d437-43f7-b674-adbb31e7e64b 2013 f0e724b0-4cbf-495a-be47-013907608da9,Colt McCoy,49ers,2013,QB,4,0,27,,,,,,,6.0,-1.0,3.0,0.0,0.0,-6.0,100.0,0.0,0.0,0.0,0.0,13.0,,,,,,
3699dfd9-d437-43f7-b674-adbb31e7e64b 2014 22052ff7-c065-42ee-bc8f-c4691c50e624,Colt McCoy,Redskins,2014,QB,5,4,28,,,,,6.0,1.0,16.0,4.125,3.0,0.0,1.0,66.0,71.094,0.0,3.0,10.0,4.0,1057.0,,,,,,
3699dfd9-d437-43f7-b674-adbb31e7e64b 2015 22052ff7-c065-42ee-bc8f-c4691c50e624,Colt McCoy,Redskins,2015,QB,2,0,29,,,,,1.0,0.0,3.0,-1.0,2.0,0.0,0.0,-3.0,63.636,2.0,0.0,1.0,1.0,128.0,,,,,,
3699dfd9-d437-43f7-b674-adbb31e7e64b 2016 22052ff7-c065-42ee-bc8f-c4691c50e624,Colt McCoy,Redskins,2016,QB,0,0,30,,,,,,,,,,,,,,,,,,,,,,,,
3699dfd9-d437-43f7-b674-adbb31e7e64b 2017 22052ff7-c065-42ee-bc8f-c4691c50e624,Colt McCoy,Redskins,2017,QB,1,0,31,,,,,,,,,,,,,,,,,,,,,,,,
3699dfd9-d437-43f7-b674-adbb31e7e64b 2018 22052ff7-c065-42ee-bc8f-c4691c50e624,Colt McCoy,Redskins,2018,QB,3,2,32,,,,,1.0,0.0,10.0,6.3,1.0,7.0,0.0,63.0,62.963,8.0,3.0,5.0,3.0,372.0,,,,,,
73e133bf-d3f7-4fda-bd25-2fde66cb8ee1 2012 d5a2eb42-8065-4174-ab79-0a6fa820e35e,Josh Johnson,Browns,2012,QB,1,0,26,,,,,1.0,1.0,,,,,,,,,,,,,,,,,,
73e133bf-d3f7-4fda-bd25-2fde66cb8ee1 2013 ad4ae08f-d808-42d5-a1e6-e9bc4e34d123,Josh Johnson,Bengals,2013,QB,2,0,27,,,,,1.0,0.0,7.0,2.857,0.0,0.0,0.0,20.0,,,,,,,,,,,,
73e133bf-d3f7-4fda-bd25-2fde66cb8ee1 2014 f0e724b0-4cbf-495a-be47-013907608da9,Josh Johnson,49ers,2014,QB,0,0,28,,,,,,,,,,,,,,,,,,,,,,,,
73e133bf-d3f7-4fda-bd25-2fde66cb8ee1 2015 768c92aa-75ff-4a43-bcc0-f2798c2e1724,Josh Johnson,Bills,2015,QB,0,0,29,,,,,,,,,,,,,,,,,,,,,,,,
73e133bf-d3f7-4fda-bd25-2fde66cb8ee1 2015 82cf9565-6eb9-4f01-bdbd-5aa0d472fcd9,Josh Johnson,Colts,2015,QB,0,0,29,,,,,,,,,,,,,,,,,,,,,,,,
73e133bf-d3f7-4fda-bd25-2fde66cb8ee1 2016 04aa1c9d-66da-489d-b16a-1dee3f2eec4d,Josh Johnson,Giants,2016,QB,0,0,30,,,,,,,,,,,,,,,,,,,,,,,,
73e133bf-d3f7-4fda-bd25-2fde66cb8ee1 2017 82d2d380-3834-4938-835f-aec541e5ece7,Josh Johnson,Texans,2017,QB,0,0,31,,,,,,,,,,,,,,,,,,,,,,,,
73e133bf-d3f7-4fda-bd25-2fde66cb8ee1 2018 22052ff7-c065-42ee-bc8f-c4691c50e624,Josh Johnson,Redskins,2018,QB,4,3,32,,,,,2.0,0.0,23.0,5.2170000000000005,1.0,13.0,1.0,120.0,57.143,18.0,4.0,6.0,3.0,590.0,,,,,,
64797df2-efd3-4b27-86ee-1d48f7edb09f 2012 ebd87119-b331-4469-9ea6-d51fe3ce2f1c,Joe Flacco,Ravens,2012,QB,16,16,27,,,,,9.0,4.0,32.0,0.688,2.0,0.0,3.0,22.0,59.699,0.0,10.0,4.0,22.0,3817.0,,,,,,
64797df2-efd3-4b27-86ee-1d48f7edb09f 2013 ebd87119-b331-4469-9ea6-d51fe3ce2f1c,Joe Flacco,Ravens,2013,QB,16,16,28,,,,,8.0,2.0,27.0,4.852,5.0,0.0,1.0,131.0,58.958,0.0,22.0,75.0,19.0,3912.0,,,,,,
64797df2-efd3-4b27-86ee-1d48f7edb09f 2014 ebd87119-b331-4469-9ea6-d51fe3ce2f1c,Joe Flacco,Ravens,2014,QB,16,16,29,,,,,5.0,0.0,39.0,1.795,12.0,0.0,2.0,70.0,62.094,0.0,12.0,70.0,27.0,3986.0,,,,,,
64797df2-efd3-4b27-86ee-1d48f7edb09f 2015 ebd87119-b331-4469-9ea6-d51fe3ce2f1c,Joe Flacco,Ravens,2015,QB,10,10,30,,,,,5.0,2.0,13.0,1.769,4.0,1.0,3.0,23.0,64.407,92.0,12.0,52.0,14.0,2791.0,,,,,,
64797df2-efd3-4b27-86ee-1d48f7edb09f 2016 ebd87119-b331-4469-9ea6-d51fe3ce2f1c,Joe Flacco,Ravens,2016,QB,16,16,31,,,,,5.0,3.0,21.0,2.762,2.0,9.0,2.0,58.0,64.881,93.0,15.0,28.0,20.0,4317.0,,,,,,
64797df2-efd3-4b27-86ee-1d48f7edb09f 2017 ebd87119-b331-4469-9ea6-d51fe3ce2f1c,Joe Flacco,Ravens,2017,QB,16,16,32,,,,,6.0,0.0,25.0,2.16,2.0,6.0,1.0,54.0,64.117,83.0,13.0,29.0,18.0,3141.0,,,,,,
64797df2-efd3-4b27-86ee-1d48f7edb09f 2018 ebd87119-b331-4469-9ea6-d51fe3ce2f1c,Joe Flacco,Ravens,2018,QB,9,9,33,,,,,3.0,1.0,19.0,2.3680000000000003,2.0,4.0,0.0,45.0,61.214,47.0,6.0,23.0,12.0,2465.0,,,,,,
7f3ef024-eb34-46af-8b9e-544cdf09378f 2012 ebd87119-b331-4469-9ea6-d51fe3ce2f1c,Tyrod Taylor,Ravens,2012,QB,7,0,23,,,,,,,14.0,5.214,2.0,0.0,1.0,73.0,58.621,0.0,1.0,0.0,0.0,179.0,,,,,,
7f3ef024-eb34-46af-8b9e-544cdf09378f 2013 ebd87119-b331-4469-9ea6-d51fe3ce2f1c,Tyrod Taylor,Ravens,2013,QB,3,0,24,1.0,0.0,0.0,6.0,,,8.0,8.0,0.0,0.0,0.0,64.0,20.0,0.0,1.0,0.0,0.0,2.0,,,,,,
7f3ef024-eb34-46af-8b9e-544cdf09378f 2014 ebd87119-b331-4469-9ea6-d51fe3ce2f1c,Tyrod Taylor,Ravens,2014,QB,1,0,25,,,,,,,4.0,-0.75,0.0,0.0,0.0,-3.0,,,,,,,,,,,,
7f3ef024-eb34-46af-8b9e-544cdf09378f 2015 768c92aa-75ff-4a43-bcc0-f2798c2e1724,Tyrod Taylor,Bills,2015,QB,14,14,26,1.0,1.0,0.0,4.0,9.0,1.0,104.0,5.4620000000000015,19.0,48.0,4.0,568.0,63.684,94.0,6.0,31.0,20.0,3035.0,,,,,,
7f3ef024-eb34-46af-8b9e-544cdf09378f 2016 768c92aa-75ff-4a43-bcc0-f2798c2e1724,Tyrod Taylor,Bills,2016,QB,15,15,27,,,,,4.0,2.0,95.0,6.105,10.0,49.0,6.0,580.0,61.697,92.0,6.0,33.0,17.0,3023.0,,,,,,
7f3ef024-eb34-46af-8b9e-544cdf09378f 2017 768c92aa-75ff-4a43-bcc0-f2798c2e1724,Tyrod Taylor,Bills,2017,QB,15,14,28,,,,,4.0,2.0,84.0,5.083,6.0,41.0,4.0,427.0,62.619,84.0,4.0,38.0,14.0,2799.0,,,,,,
7f3ef024-eb34-46af-8b9e-544cdf09378f 2018 d5a2eb42-8065-4174-ab79-0a6fa820e35e,Tyrod Taylor,Browns,2018,QB,4,3,29,,,,,3.0,0.0,16.0,7.813,0.0,11.0,1.0,125.0,49.412,21.0,2.0,2.0,2.0,473.0,,,,,,
af4ba620-2f00-4b00-9111-7897f2b1cde8 2012 cb2f9f1f-ac67-424e-9e72-1475cb0ed398,Brian Hoyer,Steelers,2012,QB,0,0,27,,,,,,,,,,,,,,,,,,,,,,,,
af4ba620-2f00-4b00-9111-7897f2b1cde8 2012 de760528-1dc0-416a-a978-b510d20692ff,Brian Hoyer,Cardinals,2012,QB,2,1,27,,,,,1.0,0.0,1.0,6.0,0.0,0.0,0.0,6.0,56.604,0.0,2.0,3.0,1.0,330.0,,,,,,
af4ba620-2f00-4b00-9111-7897f2b1cde8 2013 d5a2eb42-8065-4174-ab79-0a6fa820e35e,Brian Hoyer,Browns,2013,QB,3,3,28,,,,,,,6.0,2.667,0.0,0.0,0.0,16.0,59.375,0.0,3.0,13.0,5.0,615.0,,,,,,
af4ba620-2f00-4b00-9111-7897f2b1cde8 2014 d5a2eb42-8065-4174-ab79-0a6fa820e35e,Brian Hoyer,Browns,2014,QB,14,13,29,0.0,0.0,0.0,0.0,4.0,1.0,24.0,1.625,5.0,0.0,0.0,39.0,55.25100000000001,0.0,13.0,40.0,12.0,3326.0,,,,,,
af4ba620-2f00-4b00-9111-7897f2b1cde8 2015 82d2d380-3834-4938-835f-aec541e5ece7,Brian Hoyer,Texans,2015,QB,11,9,30,,,,,6.0,2.0,15.0,2.9330000000000003,1.0,4.0,0.0,44.0,60.705,69.0,7.0,43.0,19.0,2606.0,,,,,,
af4ba620-2f00-4b00-9111-7897f2b1cde8 2016 7b112545-38e6-483c-a55c-96cf6ee49cb8,Brian Hoyer,Bears,2016,QB,6,5,31,,,,,3.0,1.0,7.0,-0.28600000000000003,0.0,1.0,0.0,-2.0,67.0,18.0,0.0,13.0,6.0,1445.0,,,,,,
af4ba620-2f00-4b00-9111-7897f2b1cde8 2017 97354895-8c77-4fd4-a860-32e62ea7382a,Brian Hoyer,Patriots,2017,QB,5,0,32,,,,,,,4.0,-0.75,0.0,0.0,0.0,-3.0,66.667,0.0,0.0,0.0,0.0,42.0,,,,,,
af4ba620-2f00-4b00-9111-7897f2b1cde8 2017 f0e724b0-4cbf-495a-be47-013907608da9,Brian Hoyer,49ers,2017,QB,6,6,32,,,,,3.0,1.0,5.0,1.4,1.0,1.0,1.0,7.0,58.049,29.0,4.0,13.0,4.0,1245.0,,,,,,
af4ba620-2f00-4b00-9111-7897f2b1cde8 2018 97354895-8c77-4fd4-a860-32e62ea7382a,Brian Hoyer,Patriots,2018,QB,5,0,33,,,,,,,11.0,-0.727,0.0,0.0,0.0,-8.0,50.0,0.0,0.0,0.0,0.0,7.0,,,,,,
ea357add-1a41-4a8b-8f34-bbfade7f4d98 2012 cb2f9f1f-ac67-424e-9e72-1475cb0ed398,Ben Roethlisberger,Steelers,2012,QB,13,13,30,,,,,6.0,3.0,26.0,3.5380000000000003,0.0,0.0,0.0,92.0,63.252,0.0,8.0,9.0,26.0,3265.0,,,,,,
ea357add-1a41-4a8b-8f34-bbfade7f4d98 2013 cb2f9f1f-ac67-424e-9e72-1475cb0ed398,Ben Roethlisberger,Steelers,2013,QB,16,16,31,0.0,0.0,0.0,5.0,9.0,6.0,27.0,3.667,4.0,0.0,1.0,99.0,64.212,0.0,14.0,90.0,28.0,4261.0,,,,,,
ea357add-1a41-4a8b-8f34-bbfade7f4d98 2014 cb2f9f1f-ac67-424e-9e72-1475cb0ed398,Ben Roethlisberger,Steelers,2014,QB,16,16,32,0.0,0.0,0.0,-6.0,9.0,5.0,33.0,0.818,6.0,0.0,0.0,27.0,67.105,0.0,9.0,91.0,32.0,4952.0,,,,,,
ea357add-1a41-4a8b-8f34-bbfade7f4d98 2015 cb2f9f1f-ac67-424e-9e72-1475cb0ed398,Ben Roethlisberger,Steelers,2015,QB,12,11,33,0.0,0.0,0.0,-3.0,2.0,0.0,15.0,1.933,4.0,4.0,0.0,29.0,68.017,89.0,16.0,64.0,21.0,3938.0,,,,,,
ea357add-1a41-4a8b-8f34-bbfade7f4d98 2016 cb2f9f1f-ac67-424e-9e72-1475cb0ed398,Ben Roethlisberger,Steelers,2016,QB,14,14,34,,,,,8.0,2.0,16.0,0.875,2.0,3.0,1.0,14.0,64.44,48.0,13.0,29.0,29.0,3819.0,,,,,,
ea357add-1a41-4a8b-8f34-bbfade7f4d98 2017 cb2f9f1f-ac67-424e-9e72-1475cb0ed398,Ben Roethlisberger,Steelers,2017,QB,15,15,35,,,,,3.0,1.0,28.0,1.679,0.0,10.0,0.0,47.0,64.171,62.0,14.0,38.0,28.0,4251.0,,,,,,
ea357add-1a41-4a8b-8f34-bbfade7f4d98 2018 cb2f9f1f-ac67-424e-9e72-1475cb0ed398,Ben Roethlisberger,Steelers,2018,QB,16,16,36,1.0,0.0,0.0,-1.0,7.0,2.0,31.0,3.161,2.0,12.0,3.0,98.0,66.96300000000001,58.0,16.0,51.0,34.0,5129.0,,,,,,
22fb2b54-4936-4e8a-a48d-62096c0c9bb1 2012 82cf9565-6eb9-4f01-bdbd-5aa0d472fcd9,Drew Stanton,Colts,2012,QB,0,0,28,,,,,,,,,,,,,,,,,,,,,,,,
22fb2b54-4936-4e8a-a48d-62096c0c9bb1 2013 de760528-1dc0-416a-a978-b510d20692ff,Drew Stanton,Cardinals,2013,QB,0,0,29,,,,,,,,,,,,,,,,,,,,,,,,
22fb2b54-4936-4e8a-a48d-62096c0c9bb1 2014 de760528-1dc0-416a-a978-b510d20692ff,Drew Stanton,Cardinals,2014,QB,9,8,30,,,,,1.0,0.0,25.0,2.52,4.0,0.0,0.0,63.0,55.0,0.0,5.0,24.0,7.0,1711.0,,,,,,
22fb2b54-4936-4e8a-a48d-62096c0c9bb1 2015 de760528-1dc0-416a-a978-b510d20692ff,Drew Stanton,Cardinals,2015,QB,7,0,31,,,,,,,13.0,-1.0,0.0,0.0,0.0,-13.0,44.0,10.0,2.0,3.0,0.0,104.0,,,,,,
22fb2b54-4936-4e8a-a48d-62096c0c9bb1 2016 de760528-1dc0-416a-a978-b510d20692ff,Drew Stanton,Cardinals,2016,QB,5,1,32,,,,,,,3.0,-1.0,0.0,0.0,0.0,-3.0,39.583,5.0,3.0,0.0,2.0,192.0,,,,,,
22fb2b54-4936-4e8a-a48d-62096c0c9bb1 2017 de760528-1dc0-416a-a978-b510d20692ff,Drew Stanton,Cardinals,2017,QB,5,4,33,,,,,3.0,0.0,9.0,0.778,1.0,1.0,0.0,7.0,49.68600000000001,18.0,5.0,9.0,6.0,894.0,,,,,,
22fb2b54-4936-4e8a-a48d-62096c0c9bb1 2018 d5a2eb42-8065-4174-ab79-0a6fa820e35e,Drew Stanton,Browns,2018,QB,0,0,34,,,,,,,,,,,,,,,,,,,,,,,,
e3181493-6a2a-4e95-aa6f-3fc1ddeb7512 2012 82cf9565-6eb9-4f01-bdbd-5aa0d472fcd9,Andrew Luck,Colts,2012,QB,16,16,23,,,,,10.0,5.0,62.0,4.113,3.0,0.0,5.0,255.0,54.067,0.0,18.0,9.0,23.0,4374.0,,,,,,
e3181493-6a2a-4e95-aa6f-3fc1ddeb7512 2013 82cf9565-6eb9-4f01-bdbd-5aa0d472fcd9,Andrew Luck,Colts,2013,QB,16,16,24,,,,,6.0,2.0,63.0,5.984,10.0,0.0,4.0,377.0,60.175,0.0,9.0,70.0,23.0,3822.0,,,,,,
e3181493-6a2a-4e95-aa6f-3fc1ddeb7512 2014 82cf9565-6eb9-4f01-bdbd-5aa0d472fcd9,Andrew Luck,Colts,2014,QB,16,16,25,,,,,13.0,6.0,64.0,4.266,16.0,0.0,3.0,273.0,61.688,0.0,16.0,82.0,40.0,4761.0,,,,,,
e3181493-6a2a-4e95-aa6f-3fc1ddeb7512 2015 82cf9565-6eb9-4f01-bdbd-5aa0d472fcd9,Andrew Luck,Colts,2015,QB,7,7,26,,,,,3.0,1.0,33.0,5.939,6.0,25.0,0.0,196.0,55.29,75.0,12.0,36.0,15.0,1881.0,,,,,,
e3181493-6a2a-4e95-aa6f-3fc1ddeb7512 2016 82cf9565-6eb9-4f01-bdbd-5aa0d472fcd9,Andrew Luck,Colts,2016,QB,15,15,27,,,,,6.0,5.0,64.0,5.3279999999999985,3.0,41.0,2.0,341.0,63.486,92.0,13.0,25.0,31.0,4240.0,,,,,,
e3181493-6a2a-4e95-aa6f-3fc1ddeb7512 2017 82cf9565-6eb9-4f01-bdbd-5aa0d472fcd9,Andrew Luck,Colts,2017,QB,0,0,28,,,,,,,,,,,,,,,,,,,,,,,,
e3181493-6a2a-4e95-aa6f-3fc1ddeb7512 2018 82cf9565-6eb9-4f01-bdbd-5aa0d472fcd9,Andrew Luck,Colts,2018,QB,16,16,29,1.0,0.0,0.0,4.0,6.0,1.0,46.0,3.217,3.0,21.0,0.0,148.0,67.293,50.0,15.0,37.0,39.0,4593.0,,,,,,
de816e24-8442-49a4-99cd-dde7e7c05863 2012 f7ddd7fa-0bae-4f90-bc8e-669e4d6cf2de,Blaine Gabbert,Jaguars,2012,QB,10,10,23,,,,,5.0,3.0,18.0,3.111,0.0,0.0,0.0,56.0,58.273,0.0,6.0,0.0,9.0,1662.0,,,,,,
de816e24-8442-49a4-99cd-dde7e7c05863 2013 f7ddd7fa-0bae-4f90-bc8e-669e4d6cf2de,Blaine Gabbert,Jaguars,2013,QB,3,3,24,,,,,2.0,0.0,9.0,3.556,1.0,0.0,0.0,32.0,48.837,0.0,7.0,7.0,1.0,481.0,,,,,,
de816e24-8442-49a4-99cd-dde7e7c05863 2014 f0e724b0-4cbf-495a-be47-013907608da9,Blaine Gabbert,49ers,2014,QB,1,0,25,,,,,,,1.0,5.0,0.0,0.0,0.0,5.0,42.857,0.0,0.0,0.0,1.0,38.0,,,,,,
de816e24-8442-49a4-99cd-dde7e7c05863 2015 f0e724b0-4cbf-495a-be47-013907608da9,Blaine Gabbert,49ers,2015,QB,8,8,26,,,,,4.0,1.0,32.0,5.7810000000000015,2.0,23.0,1.0,185.0,63.121,72.0,7.0,28.0,10.0,2031.0,,,,,,
de816e24-8442-49a4-99cd-dde7e7c05863 2016 f0e724b0-4cbf-495a-be47-013907608da9,Blaine Gabbert,49ers,2016,QB,6,5,27,1.0,0.0,0.0,-16.0,,,40.0,4.325,3.0,17.0,2.0,173.0,56.875,16.0,6.0,9.0,5.0,925.0,,,,,,
de816e24-8442-49a4-99cd-dde7e7c05863 2017 de760528-1dc0-416a-a978-b510d20692ff,Blaine Gabbert,Cardinals,2017,QB,5,5,28,,,,,7.0,2.0,22.0,3.727,0.0,14.0,0.0,82.0,55.556,20.0,6.0,6.0,6.0,1086.0,,,,,,
de816e24-8442-49a4-99cd-dde7e7c05863 2018 d26a1ca5-722d-4274-8f97-c92e49c96315,Blaine Gabbert,Titans,2018,QB,8,3,29,,,,,,,6.0,0.0,0.0,0.0,0.0,0.0,60.396,9.0,4.0,3.0,4.0,626.0,,,,,,
f55053e4-4bfd-495d-981a-d62e3662f01b 2012 f7ddd7fa-0bae-4f90-bc8e-669e4d6cf2de,Chad Henne,Jaguars,2012,QB,10,6,27,1.0,0.0,0.0,-6.0,4.0,2.0,19.0,3.3680000000000003,0.0,0.0,1.0,64.0,53.896,0.0,11.0,5.0,11.0,2084.0,,,,,,
f55053e4-4bfd-495d-981a-d62e3662f01b 2013 f7ddd7fa-0bae-4f90-bc8e-669e4d6cf2de,Chad Henne,Jaguars,2013,QB,15,13,28,,,,,2.0,0.0,27.0,2.852,4.0,0.0,0.0,77.0,60.636,0.0,14.0,68.0,13.0,3241.0,,,,,,
f55053e4-4bfd-495d-981a-d62e3662f01b 2014 f7ddd7fa-0bae-4f90-bc8e-669e4d6cf2de,Chad Henne,Jaguars,2014,QB,3,3,29,,,,,1.0,1.0,4.0,6.25,1.0,0.0,0.0,25.0,53.846,0.0,1.0,4.0,3.0,492.0,,,,,,
f55053e4-4bfd-495d-981a-d62e3662f01b 2015 f7ddd7fa-0bae-4f90-bc8e-669e4d6cf2de,Chad Henne,Jaguars,2015,QB,0,0,30,,,,,,,,,,,,,,,,,,,,,,,,
f55053e4-4bfd-495d-981a-d62e3662f01b 2016 f7ddd7fa-0bae-4f90-bc8e-669e4d6cf2de,Chad Henne,Jaguars,2016,QB,1,0,31,,,,,,,1.0,-2.0,0.0,0.0,0.0,-2.0,,,,,,,,,,,,
f55053e4-4bfd-495d-981a-d62e3662f01b 2017 f7ddd7fa-0bae-4f90-bc8e-669e4d6cf2de,Chad Henne,Jaguars,2017,QB,2,0,32,,,,,,,5.0,-1.0,0.0,0.0,0.0,-5.0,0.0,0.0,0.0,0.0,0.0,0.0,,,,,,
f55053e4-4bfd-495d-981a-d62e3662f01b 2018 6680d28d-d4d2-49f6-aace-5292d3ec02c2,Chad Henne,Chiefs,2018,QB,1,0,33,,,,,,,1.0,3.0,0.0,0.0,0.0,3.0,66.667,0.0,0.0,0.0,0.0,29.0,,,,,,
1f09583f-dcc1-43e8-a7fc-f063d2c96508 2012 82d2d380-3834-4938-835f-aec541e5ece7,Matt Schaub,Texans,2012,QB,16,16,31,1.0,0.0,0.0,-6.0,4.0,0.0,21.0,-0.429,0.0,0.0,0.0,-9.0,64.33800000000001,0.0,12.0,3.0,22.0,4008.0,,,,,,
1f09583f-dcc1-43e8-a7fc-f063d2c96508 2013 82d2d380-3834-4938-835f-aec541e5ece7,Matt Schaub,Texans,2013,QB,10,8,32,,,,,2.0,1.0,5.0,4.8,0.0,0.0,0.0,24.0,61.173,0.0,14.0,46.0,10.0,2310.0,,,,,,
1f09583f-dcc1-43e8-a7fc-f063d2c96508 2014 1c1cec48-6352-4556-b789-35304c1a6ae1,Matt Schaub,Raiders,2014,QB,11,0,33,,,,,3.0,1.0,,,,,,,50.0,0.0,2.0,0.0,0.0,57.0,,,,,,
1f09583f-dcc1-43e8-a7fc-f063d2c96508 2015 ebd87119-b331-4469-9ea6-d51fe3ce2f1c,Matt Schaub,Ravens,2015,QB,2,2,34,,,,,,,4.0,2.5,1.0,2.0,0.0,10.0,65.0,20.0,4.0,8.0,3.0,540.0,,,,,,
1f09583f-dcc1-43e8-a7fc-f063d2c96508 2016 e6aa13a4-0055-48a9-bc41-be28dc106929,Matt Schaub,Falcons,2016,QB,4,0,35,,,,,,,2.0,-1.0,0.0,0.0,0.0,-2.0,33.333,0.0,0.0,0.0,0.0,16.0,,,,,,
1f09583f-dcc1-43e8-a7fc-f063d2c96508 2017 e6aa13a4-0055-48a9-bc41-be28dc106929,Matt Schaub,Falcons,2017,QB,0,0,36,,,,,,,,,,,,,,,,,,,,,,,,
1f09583f-dcc1-43e8-a7fc-f063d2c96508 2018 e6aa13a4-0055-48a9-bc41-be28dc106929,Matt Schaub,Falcons,2018,QB,3,0,37,1.0,0.0,0.0,-7.0,1.0,0.0,1.0,0.0,0.0,0.0,0.0,0.0,71.429,0.0,0.0,0.0,0.0,20.0,,,,,,
0847010c-9a77-4f0b-9d63-c8b4b224d263 2012 ce92bd47-93d5-4fe9-ada4-0fc681e6caa0,Brock Osweiler,Broncos,2012,QB,5,0,22,,,,,,,8.0,-1.625,0.0,0.0,0.0,-13.0,50.0,0.0,0.0,0.0,0.0,12.0,,,,,,
0847010c-9a77-4f0b-9d63-c8b4b224d263 2013 ce92bd47-93d5-4fe9-ada4-0fc681e6caa0,Brock Osweiler,Broncos,2013,QB,4,0,23,,,,,,,3.0,0.667,0.0,0.0,0.0,2.0,68.75,0.0,0.0,0.0,0.0,95.0,,,,,,
0847010c-9a77-4f0b-9d63-c8b4b224d263 2014 ce92bd47-93d5-4fe9-ada4-0fc681e6caa0,Brock Osweiler,Broncos,2014,QB,4,0,24,,,,,,,8.0,0.0,0.0,0.0,0.0,0.0,40.0,0.0,0.0,1.0,1.0,52.0,,,,,,
0847010c-9a77-4f0b-9d63-c8b4b224d263 2015 ce92bd47-93d5-4fe9-ada4-0fc681e6caa0,Brock Osweiler,Broncos,2015,QB,8,7,25,,,,,4.0,1.0,21.0,2.905,5.0,12.0,1.0,61.0,61.81800000000001,79.0,6.0,35.0,10.0,1967.0,,,,,,
0847010c-9a77-4f0b-9d63-c8b4b224d263 2016 82d2d380-3834-4938-835f-aec541e5ece7,Brock Osweiler,Texans,2016,QB,15,14,26,1.0,1.0,0.0,-14.0,5.0,1.0,30.0,4.367,2.0,16.0,2.0,131.0,59.02,65.0,16.0,25.0,15.0,2957.0,,,,,,
0847010c-9a77-4f0b-9d63-c8b4b224d263 2017 ce92bd47-93d5-4fe9-ada4-0fc681e6caa0,Brock Osweiler,Broncos,2017,QB,6,4,27,,,,,2.0,1.0,14.0,4.5710000000000015,0.0,10.0,1.0,64.0,55.81399999999999,27.0,5.0,8.0,5.0,1088.0,,,,,,
0847010c-9a77-4f0b-9d63-c8b4b224d263 2018 4809ecb0-abd3-451d-9c4a-92a90b83ca06,Brock Osweiler,Dolphins,2018,QB,7,5,28,,,,,1.0,1.0,8.0,2.625,1.0,4.0,0.0,21.0,63.483,31.0,4.0,2.0,6.0,1247.0,,,,,,
8263e101-aa33-435f-bf0f-388e1c4eeb59 2012 6680d28d-d4d2-49f6-aace-5292d3ec02c2,Matt Cassel,Chiefs,2012,QB,9,8,30,,,,,9.0,7.0,27.0,5.37,0.0,0.0,1.0,145.0,58.12300000000001,0.0,12.0,0.0,6.0,1796.0,,,,,,
8263e101-aa33-435f-bf0f-388e1c4eeb59 2013 33405046-04ee-4058-a950-d606f8c30852,Matt Cassel,Vikings,2013,QB,9,6,31,,,,,3.0,1.0,18.0,3.167,4.0,0.0,1.0,57.0,60.236,0.0,9.0,32.0,11.0,1807.0,,,,,,
8263e101-aa33-435f-bf0f-388e1c4eeb59 2014 33405046-04ee-4058-a950-d606f8c30852,Matt Cassel,Vikings,2014,QB,3,3,32,,,,,3.0,0.0,9.0,2.0,1.0,0.0,0.0,18.0,57.746,0.0,4.0,7.0,3.0,425.0,,,,,,
8263e101-aa33-435f-bf0f-388e1c4eeb59 2015 768c92aa-75ff-4a43-bcc0-f2798c2e1724,Matt Cassel,Bills,2015,QB,1,1,33,,,,,,,,,,,,,,,,,,,,,,,,
8263e101-aa33-435f-bf0f-388e1c4eeb59 2015 e627eec7-bbae-4fa4-8e73-8e1d6bc5c060,Matt Cassel,Cowboys,2015,QB,8,7,33,,,,,4.0,0.0,15.0,5.2,1.0,12.0,0.0,78.0,58.333,44.0,7.0,23.0,5.0,1276.0,,,,,,
8263e101-aa33-435f-bf0f-388e1c4eeb59 2016 d26a1ca5-722d-4274-8f97-c92e49c96315,Matt Cassel,Titans,2016,QB,4,1,34,,,,,1.0,0.0,4.0,0.75,0.0,2.0,0.0,3.0,58.824,6.0,2.0,8.0,2.0,284.0,,,,,,
8263e101-aa33-435f-bf0f-388e1c4eeb59 2017 d26a1ca5-722d-4274-8f97-c92e49c96315,Matt Cassel,Titans,2017,QB,2,1,35,,,,,2.0,2.0,,,,,,,59.524,5.0,2.0,0.0,1.0,162.0,,,,,,
8263e101-aa33-435f-bf0f-388e1c4eeb59 2018 c5a59daa-53a7-4de0-851f-fb12be893e9e,Matt Cassel,Lions,2018,QB,2,0,36,,,,,,,2.0,6.5,0.0,1.0,0.0,13.0,41.176,1.0,1.0,0.0,0.0,59.0,,,,,,
c8232b55-6617-4dd9-a7cf-cf14cd9a29ab 2012 386bdbf9-9eea-4869-bb9a-274b0bc66e80,Nick Foles,Eagles,2012,QB,7,6,23,0.0,0.0,0.0,0.0,8.0,3.0,11.0,3.818,1.0,0.0,1.0,42.0,60.755,0.0,5.0,7.0,6.0,1699.0,,,,,,
c8232b55-6617-4dd9-a7cf-cf14cd9a29ab 2013 386bdbf9-9eea-4869-bb9a-274b0bc66e80,Nick Foles,Eagles,2013,QB,13,10,24,,,,,4.0,2.0,57.0,3.877,15.0,0.0,3.0,221.0,64.038,0.0,2.0,37.0,27.0,2891.0,,,,,,
c8232b55-6617-4dd9-a7cf-cf14cd9a29ab 2014 386bdbf9-9eea-4869-bb9a-274b0bc66e80,Nick Foles,Eagles,2014,QB,8,8,25,,,,,4.0,3.0,16.0,4.25,0.0,0.0,0.0,68.0,59.807,0.0,10.0,35.0,13.0,2163.0,,,,,,
c8232b55-6617-4dd9-a7cf-cf14cd9a29ab 2016 6680d28d-d4d2-49f6-aace-5292d3ec02c2,Nick Foles,Chiefs,2016,QB,3,1,27,,,,,,,4.0,-1.0,0.0,0.0,0.0,-4.0,65.455,3.0,0.0,3.0,3.0,410.0,,,,,,
c8232b55-6617-4dd9-a7cf-cf14cd9a29ab 2017 386bdbf9-9eea-4869-bb9a-274b0bc66e80,Nick Foles,Eagles,2017,QB,7,3,28,,,,,6.0,2.0,11.0,0.273,1.0,0.0,0.0,3.0,56.43600000000001,8.0,2.0,6.0,5.0,537.0,,,,,,
c8232b55-6617-4dd9-a7cf-cf14cd9a29ab 2018 386bdbf9-9eea-4869-bb9a-274b0bc66e80,Nick Foles,Eagles,2018,QB,5,5,29,1.0,0.0,0.0,10.0,4.0,2.0,9.0,1.889,3.0,2.0,0.0,17.0,72.308,19.0,4.0,13.0,7.0,1413.0,,,,,,
6cb6226e-f08c-4192-95f1-69709ed686c6 2012 04aa1c9d-66da-489d-b16a-1dee3f2eec4d,Eli Manning,Giants,2012,QB,16,16,31,,,,,5.0,1.0,20.0,1.5,0.0,0.0,0.0,30.0,59.88800000000001,0.0,15.0,14.0,26.0,3948.0,,,,,,
6cb6226e-f08c-4192-95f1-69709ed686c6 2013 04aa1c9d-66da-489d-b16a-1dee3f2eec4d,Eli Manning,Giants,2013,QB,16,16,32,,,,,7.0,2.0,18.0,2.0,0.0,0.0,0.0,36.0,57.532,0.0,27.0,54.0,18.0,3818.0,,,,,,
6cb6226e-f08c-4192-95f1-69709ed686c6 2014 04aa1c9d-66da-489d-b16a-1dee3f2eec4d,Eli Manning,Giants,2014,QB,16,16,33,,,,,7.0,4.0,12.0,2.583,5.0,0.0,1.0,31.0,63.062,0.0,14.0,98.0,30.0,4410.0,,,,,,
6cb6226e-f08c-4192-95f1-69709ed686c6 2015 04aa1c9d-66da-489d-b16a-1dee3f2eec4d,Eli Manning,Giants,2015,QB,16,16,34,0.0,0.0,0.0,0.0,11.0,4.0,20.0,3.05,4.0,8.0,0.0,61.0,62.621,145.0,14.0,83.0,35.0,4432.0,,,,,,
6cb6226e-f08c-4192-95f1-69709ed686c6 2016 04aa1c9d-66da-489d-b16a-1dee3f2eec4d,Eli Manning,Giants,2016,QB,16,16,35,,,,,7.0,4.0,21.0,-0.429,0.0,3.0,0.0,-9.0,63.043,56.0,16.0,32.0,26.0,4027.0,,,,,,
6cb6226e-f08c-4192-95f1-69709ed686c6 2017 04aa1c9d-66da-489d-b16a-1dee3f2eec4d,Eli Manning,Giants,2017,QB,15,15,36,,,,,11.0,5.0,12.0,2.167,1.0,5.0,1.0,26.0,61.646,53.0,13.0,22.0,19.0,3468.0,,,,,,
6cb6226e-f08c-4192-95f1-69709ed686c6 2018 04aa1c9d-66da-489d-b16a-1dee3f2eec4d,Eli Manning,Giants,2018,QB,16,16,37,,,,,7.0,4.0,15.0,1.3330000000000002,5.0,4.0,1.0,20.0,65.972,64.0,11.0,36.0,21.0,4299.0,,,,,,
8dfb370d-460c-4bfc-9d62-888687248783 2012 22052ff7-c065-42ee-bc8f-c4691c50e624,Robert Griffin III,Redskins,2012,QB,15,15,22,0.0,0.0,0.0,0.0,12.0,2.0,120.0,6.792000000000002,1.0,0.0,7.0,815.0,65.649,0.0,5.0,3.0,20.0,3200.0,,,,,,
8dfb370d-460c-4bfc-9d62-888687248783 2013 22052ff7-c065-42ee-bc8f-c4691c50e624,Robert Griffin III,Redskins,2013,QB,13,13,23,,,,,11.0,4.0,86.0,5.686,10.0,0.0,0.0,489.0,60.088,0.0,12.0,55.0,16.0,3203.0,,,,,,
8dfb370d-460c-4bfc-9d62-888687248783 2014 22052ff7-c065-42ee-bc8f-c4691c50e624,Robert Griffin III,Redskins,2014,QB,9,7,24,,,,,9.0,4.0,38.0,4.632,6.0,0.0,1.0,176.0,68.692,0.0,6.0,31.0,4.0,1694.0,,,,,,
8dfb370d-460c-4bfc-9d62-888687248783 2015 22052ff7-c065-42ee-bc8f-c4691c50e624,Robert Griffin III,Redskins,2015,QB,0,0,25,,,,,,,,,,,,,,,,,,,,,,,,
8dfb370d-460c-4bfc-9d62-888687248783 2016 d5a2eb42-8065-4174-ab79-0a6fa820e35e,Robert Griffin III,Browns,2016,QB,5,5,26,,,,,4.0,1.0,31.0,6.129,2.0,13.0,2.0,190.0,59.184,20.0,3.0,10.0,2.0,886.0,,,,,,
8dfb370d-460c-4bfc-9d62-888687248783 2018 ebd87119-b331-4469-9ea6-d51fe3ce2f1c,Robert Griffin III,Ravens,2018,QB,3,0,28,,,,,,,,,,,,,33.333,1.0,0.0,0.0,0.0,21.0,,,,,,
bbd0942c-6f77-4f83-a6d0-66ec6548019e 2012 22052ff7-c065-42ee-bc8f-c4691c50e624,Kirk Cousins,Redskins,2012,QB,3,1,24,,,,,1.0,0.0,3.0,7.332999999999998,0.0,0.0,0.0,22.0,68.75,0.0,3.0,1.0,4.0,466.0,,,,,,
bbd0942c-6f77-4f83-a6d0-66ec6548019e 2013 22052ff7-c065-42ee-bc8f-c4691c50e624,Kirk Cousins,Redskins,2013,QB,5,3,25,,,,,3.0,2.0,4.0,3.5,1.0,0.0,0.0,14.0,52.258,0.0,7.0,10.0,4.0,854.0,,,,,,
bbd0942c-6f77-4f83-a6d0-66ec6548019e 2014 22052ff7-c065-42ee-bc8f-c4691c50e624,Kirk Cousins,Redskins,2014,QB,6,5,26,,,,,2.0,2.0,7.0,2.857,1.0,0.0,0.0,20.0,61.765,0.0,9.0,22.0,10.0,1710.0,,,,,,
bbd0942c-6f77-4f83-a6d0-66ec6548019e 2015 22052ff7-c065-42ee-bc8f-c4691c50e624,Kirk Cousins,Redskins,2015,QB,16,16,27,,,,,9.0,3.0,26.0,1.846,7.0,4.0,5.0,48.0,69.797,117.0,11.0,78.0,29.0,4166.0,,,,,,
bbd0942c-6f77-4f83-a6d0-66ec6548019e 2016 22052ff7-c065-42ee-bc8f-c4691c50e624,Kirk Cousins,Redskins,2016,QB,16,16,28,,,,,9.0,3.0,34.0,2.824,4.0,9.0,4.0,96.0,66.997,75.0,12.0,31.0,25.0,4917.0,,,,,,
bbd0942c-6f77-4f83-a6d0-66ec6548019e 2017 22052ff7-c065-42ee-bc8f-c4691c50e624,Kirk Cousins,Redskins,2017,QB,16,16,29,,,,,13.0,5.0,49.0,3.653,6.0,24.0,4.0,179.0,64.259,64.0,13.0,30.0,27.0,4093.0,,,,,,
bbd0942c-6f77-4f83-a6d0-66ec6548019e 2018 33405046-04ee-4058-a950-d606f8c30852,Kirk Cousins,Vikings,2018,QB,16,16,30,1.0,0.0,0.0,-1.0,9.0,7.0,44.0,2.795,3.0,17.0,1.0,123.0,70.132,97.0,10.0,41.0,30.0,4298.0,,,,,,
a261fd0a-b096-4db7-bd51-2f13bde485da 2012 7b112545-38e6-483c-a55c-96cf6ee49cb8,Josh McCown,Bears,2012,QB,0,0,33,,,,,,,,,,,,,,,,,,,,,,,,
a261fd0a-b096-4db7-bd51-2f13bde485da 2013 7b112545-38e6-483c-a55c-96cf6ee49cb8,Josh McCown,Bears,2013,QB,8,5,34,,,,,3.0,1.0,13.0,5.308,3.0,0.0,1.0,69.0,66.518,0.0,1.0,31.0,13.0,1829.0,,,,,,
a261fd0a-b096-4db7-bd51-2f13bde485da 2014 4254d319-1bc7-4f81-b4ab-b5e6f3402b69,Josh McCown,Buccaneers,2014,QB,11,11,35,,,,,10.0,4.0,25.0,5.08,6.0,0.0,3.0,127.0,56.269,0.0,14.0,27.0,11.0,2206.0,,,,,,
a261fd0a-b096-4db7-bd51-2f13bde485da 2015 d5a2eb42-8065-4174-ab79-0a6fa820e35e,Josh McCown,Browns,2015,QB,8,8,36,,,,,9.0,6.0,20.0,4.9,5.0,12.0,1.0,98.0,63.699,54.0,4.0,40.0,12.0,2109.0,,,,,,
a261fd0a-b096-4db7-bd51-2f13bde485da 2016 d5a2eb42-8065-4174-ab79-0a6fa820e35e,Josh McCown,Browns,2016,QB,5,3,37,,,,,7.0,4.0,7.0,3.0,1.0,4.0,0.0,21.0,54.545,21.0,6.0,9.0,6.0,1100.0,,,,,,
a261fd0a-b096-4db7-bd51-2f13bde485da 2017 5fee86ae-74ab-4bdd-8416-42a9dd9964f3,Josh McCown,Jets,2017,QB,13,13,38,,,,,11.0,4.0,37.0,3.3510000000000004,5.0,14.0,5.0,124.0,67.25399999999999,64.0,9.0,15.0,18.0,2926.0,,,,,,
a261fd0a-b096-4db7-bd51-2f13bde485da 2018 5fee86ae-74ab-4bdd-8416-42a9dd9964f3,Josh McCown,Jets,2018,QB,4,3,39,,,,,,,5.0,6.4,0.0,5.0,0.0,32.0,54.545,8.0,4.0,6.0,1.0,539.0,,,,,,
ade43b1a-0601-4672-83b6-d246bc066a19 2012 c5a59daa-53a7-4de0-851f-fb12be893e9e,Matthew Stafford,Lions,2012,QB,16,16,24,1.0,0.0,0.0,3.0,6.0,4.0,35.0,3.6,1.0,0.0,4.0,126.0,59.835,0.0,17.0,6.0,20.0,4967.0,,,,,,
ade43b1a-0601-4672-83b6-d246bc066a19 2013 c5a59daa-53a7-4de0-851f-fb12be893e9e,Matthew Stafford,Lions,2013,QB,16,16,25,,,,,12.0,4.0,37.0,1.865,5.0,0.0,2.0,69.0,58.517,0.0,19.0,78.0,29.0,4650.0,,,,,,
ade43b1a-0601-4672-83b6-d246bc066a19 2014 c5a59daa-53a7-4de0-851f-fb12be893e9e,Matthew Stafford,Lions,2014,QB,16,16,26,,,,,8.0,3.0,43.0,2.1630000000000003,3.0,0.0,2.0,93.0,60.299,0.0,12.0,76.0,22.0,4257.0,,,,,,
ade43b1a-0601-4672-83b6-d246bc066a19 2015 c5a59daa-53a7-4de0-851f-fb12be893e9e,Matthew Stafford,Lions,2015,QB,16,16,27,1.0,0.0,0.0,-6.0,4.0,2.0,44.0,3.614,7.0,24.0,1.0,159.0,67.23,123.0,13.0,70.0,32.0,4262.0,,,,,,
ade43b1a-0601-4672-83b6-d246bc066a19 2016 c5a59daa-53a7-4de0-851f-fb12be893e9e,Matthew Stafford,Lions,2016,QB,16,16,28,,,,,3.0,2.0,37.0,5.595,3.0,25.0,2.0,207.0,65.32,103.0,10.0,42.0,24.0,4327.0,,,,,,
ade43b1a-0601-4672-83b6-d246bc066a19 2017 c5a59daa-53a7-4de0-851f-fb12be893e9e,Matthew Stafford,Lions,2017,QB,16,16,29,,,,,11.0,7.0,29.0,3.379,0.0,17.0,0.0,98.0,65.664,88.0,10.0,31.0,29.0,4446.0,,,,,,
ade43b1a-0601-4672-83b6-d246bc066a19 2018 c5a59daa-53a7-4de0-851f-fb12be893e9e,Matthew Stafford,Lions,2018,QB,16,16,30,,,,,6.0,4.0,25.0,2.84,0.0,12.0,0.0,71.0,66.126,56.0,11.0,27.0,21.0,3777.0,,,,,,
0ce48193-e2fa-466e-a986-33f751add206 2012 a20471b4-a8d9-40c7-95ad-90cc30e46932,Aaron Rodgers,Packers,2012,QB,16,16,29,1.0,0.0,0.0,-1.0,5.0,4.0,54.0,4.796,0.0,0.0,2.0,259.0,67.21,0.0,8.0,10.0,39.0,4295.0,,,,,,
0ce48193-e2fa-466e-a986-33f751add206 2013 a20471b4-a8d9-40c7-95ad-90cc30e46932,Aaron Rodgers,Packers,2013,QB,9,9,30,,,,,4.0,0.0,30.0,4.0,7.0,0.0,0.0,120.0,66.55199999999999,0.0,6.0,46.0,17.0,2536.0,,,,,,
0ce48193-e2fa-466e-a986-33f751add206 2014 a20471b4-a8d9-40c7-95ad-90cc30e46932,Aaron Rodgers,Packers,2014,QB,16,16,31,,,,,10.0,2.0,43.0,6.256,10.0,0.0,2.0,269.0,65.577,0.0,5.0,96.0,38.0,4381.0,,,,,,
0ce48193-e2fa-466e-a986-33f751add206 2015 a20471b4-a8d9-40c7-95ad-90cc30e46932,Aaron Rodgers,Packers,2015,QB,16,16,32,,,,,8.0,4.0,58.0,5.931,7.0,43.0,1.0,344.0,60.664,143.0,8.0,91.0,31.0,3821.0,,,,,,
0ce48193-e2fa-466e-a986-33f751add206 2016 a20471b4-a8d9-40c7-95ad-90cc30e46932,Aaron Rodgers,Packers,2016,QB,16,16,33,,,,,8.0,4.0,67.0,5.5070000000000014,8.0,44.0,4.0,369.0,65.738,84.0,7.0,48.0,40.0,4428.0,,,,,,
0ce48193-e2fa-466e-a986-33f751add206 2017 a20471b4-a8d9-40c7-95ad-90cc30e46932,Aaron Rodgers,Packers,2017,QB,7,7,34,,,,,1.0,1.0,24.0,5.25,0.0,16.0,0.0,126.0,64.706,50.0,6.0,18.0,16.0,1675.0,,,,,,
0ce48193-e2fa-466e-a986-33f751add206 2018 a20471b4-a8d9-40c7-95ad-90cc30e46932,Aaron Rodgers,Packers,2018,QB,16,16,35,,,,,6.0,3.0,43.0,6.256,1.0,34.0,2.0,269.0,62.312,90.0,2.0,31.0,25.0,4442.0,,,,,,
250199f2-1387-4b55-b96f-17fedea6db7f 2012 33405046-04ee-4058-a950-d606f8c30852,Joe Webb III,Vikings,2012,QB,1,0,26,,,,,,,1.0,-1.0,0.0,0.0,0.0,-1.0,,,,,,,,,,,,
250199f2-1387-4b55-b96f-17fedea6db7f 2013 33405046-04ee-4058-a950-d606f8c30852,Joe Webb III,Vikings,2013,QB,16,1,27,5.0,2.0,0.0,33.0,,,,,,,,,,,,,,,,,,,,
250199f2-1387-4b55-b96f-17fedea6db7f 2014 f14bf5cc-9a82-4a38-bc15-d39f75ed5314,Joe Webb III,Panthers,2014,QB,7,0,28,1.0,0.0,0.0,16.0,,,,,,,,,,,,,,,,,,,,
250199f2-1387-4b55-b96f-17fedea6db7f 2015 f14bf5cc-9a82-4a38-bc15-d39f75ed5314,Joe Webb III,Panthers,2015,QB,16,0,29,,,,,0.0,0.0,1.0,-1.0,0.0,0.0,0.0,-1.0,,,,,,,,,,,,
250199f2-1387-4b55-b96f-17fedea6db7f 2016 f14bf5cc-9a82-4a38-bc15-d39f75ed5314,Joe Webb III,Panthers,2016,QB,14,0,30,1.0,1.0,0.0,3.0,,,,,,,,,,,,,,,,,,,,
250199f2-1387-4b55-b96f-17fedea6db7f 2017 768c92aa-75ff-4a43-bcc0-f2798c2e1724,Joe Webb III,Bills,2017,QB,16,0,31,,,,,,,8.0,6.75,0.0,0.0,0.0,54.0,28.571,0.0,1.0,0.0,0.0,35.0,,,,,,
250199f2-1387-4b55-b96f-17fedea6db7f 2018 82d2d380-3834-4938-835f-aec541e5ece7,Joe Webb III,Texans,2018,QB,16,0,32,2.0,0.0,0.0,13.0,,,,,,,,,,,,,,,,,,,,
7e648a0b-fdc8-4661-a587-5826f2cac11b 2012 e6aa13a4-0055-48a9-bc41-be28dc106929,Matt Ryan,Falcons,2012,QB,16,16,27,,,,,3.0,2.0,34.0,4.147,1.0,0.0,1.0,141.0,68.618,0.0,14.0,14.0,32.0,4719.0,,,,,,
7e648a0b-fdc8-4661-a587-5826f2cac11b 2013 e6aa13a4-0055-48a9-bc41-be28dc106929,Matt Ryan,Falcons,2013,QB,16,16,28,,,,,5.0,4.0,17.0,3.235,1.0,0.0,0.0,55.0,67.435,0.0,17.0,93.0,26.0,4515.0,,,,,,
7e648a0b-fdc8-4661-a587-5826f2cac11b 2014 e6aa13a4-0055-48a9-bc41-be28dc106929,Matt Ryan,Falcons,2014,QB,16,16,29,,,,,5.0,2.0,29.0,5.0,0.0,0.0,0.0,145.0,66.083,0.0,14.0,60.0,28.0,4694.0,,,,,,
7e648a0b-fdc8-4661-a587-5826f2cac11b 2015 e6aa13a4-0055-48a9-bc41-be28dc106929,Matt Ryan,Falcons,2015,QB,16,16,30,,,,,12.0,5.0,36.0,1.75,4.0,13.0,0.0,63.0,66.28699999999999,113.0,16.0,73.0,21.0,4591.0,,,,,,
7e648a0b-fdc8-4661-a587-5826f2cac11b 2016 e6aa13a4-0055-48a9-bc41-be28dc106929,Matt Ryan,Falcons,2016,QB,16,16,31,,,,,4.0,2.0,35.0,3.343,3.0,16.0,0.0,117.0,69.85,53.0,7.0,35.0,38.0,4944.0,,,,,,
7e648a0b-fdc8-4661-a587-5826f2cac11b 2017 e6aa13a4-0055-48a9-bc41-be28dc106929,Matt Ryan,Falcons,2017,QB,16,16,32,,,,,4.0,3.0,32.0,4.4689999999999985,0.0,17.0,0.0,143.0,64.65,69.0,12.0,28.0,20.0,4095.0,,,,,,
7e648a0b-fdc8-4661-a587-5826f2cac11b 2018 e6aa13a4-0055-48a9-bc41-be28dc106929,Matt Ryan,Falcons,2018,QB,16,16,33,1.0,1.0,1.0,5.0,10.0,5.0,33.0,3.788,1.0,18.0,3.0,125.0,69.408,53.0,7.0,40.0,35.0,4924.0,,,,,,
214e55e4-a089-412d-9598-a16495df0d25 2012 f14bf5cc-9a82-4a38-bc15-d39f75ed5314,Cam Newton,Panthers,2012,QB,16,16,23,0.0,0.0,0.0,6.0,10.0,3.0,127.0,5.835,2.0,0.0,8.0,741.0,57.732,0.0,12.0,12.0,19.0,3869.0,,,,,,
214e55e4-a089-412d-9598-a16495df0d25 2013 f14bf5cc-9a82-4a38-bc15-d39f75ed5314,Cam Newton,Panthers,2013,QB,16,16,24,,,,,3.0,1.0,111.0,5.27,20.0,0.0,6.0,585.0,61.734,0.0,13.0,54.0,24.0,3379.0,,,,,,
214e55e4-a089-412d-9598-a16495df0d25 2014 f14bf5cc-9a82-4a38-bc15-d39f75ed5314,Cam Newton,Panthers,2014,QB,14,14,25,,,,,9.0,5.0,103.0,5.233,19.0,0.0,5.0,539.0,58.482,0.0,12.0,38.0,18.0,3127.0,,,,,,
214e55e4-a089-412d-9598-a16495df0d25 2015 f14bf5cc-9a82-4a38-bc15-d39f75ed5314,Cam Newton,Panthers,2015,QB,16,16,26,,,,,5.0,4.0,132.0,4.8180000000000005,29.0,28.0,10.0,636.0,59.798,119.0,10.0,70.0,35.0,3837.0,,,,,,
214e55e4-a089-412d-9598-a16495df0d25 2016 f14bf5cc-9a82-4a38-bc15-d39f75ed5314,Cam Newton,Panthers,2016,QB,15,14,27,,,,,3.0,2.0,90.0,3.989,7.0,12.0,5.0,359.0,52.941,65.0,14.0,33.0,19.0,3509.0,,,,,,
214e55e4-a089-412d-9598-a16495df0d25 2017 f14bf5cc-9a82-4a38-bc15-d39f75ed5314,Cam Newton,Panthers,2017,QB,16,16,28,,,,,9.0,1.0,139.0,5.424,13.0,32.0,6.0,754.0,59.146,63.0,16.0,26.0,22.0,3302.0,,,,,,
214e55e4-a089-412d-9598-a16495df0d25 2018 f14bf5cc-9a82-4a38-bc15-d39f75ed5314,Cam Newton,Panthers,2018,QB,14,14,29,,,,,6.0,0.0,101.0,4.832,10.0,27.0,4.0,488.0,67.941,49.0,13.0,34.0,24.0,3395.0,,,,,,
72fbe462-91c5-4c84-9640-e8ad7cad6447 2012 f14bf5cc-9a82-4a38-bc15-d39f75ed5314,Derek Anderson,Panthers,2012,QB,2,0,29,,,,,,,,,,,,,100.0,0.0,0.0,0.0,0.0,58.0,,,,,,
72fbe462-91c5-4c84-9640-e8ad7cad6447 2013 f14bf5cc-9a82-4a38-bc15-d39f75ed5314,Derek Anderson,Panthers,2013,QB,4,0,30,,,,,,,5.0,0.0,1.0,0.0,0.0,0.0,,,,,,,,,,,,
72fbe462-91c5-4c84-9640-e8ad7cad6447 2014 f14bf5cc-9a82-4a38-bc15-d39f75ed5314,Derek Anderson,Panthers,2014,QB,6,2,31,,,,,2.0,0.0,8.0,3.0,2.0,0.0,0.0,24.0,67.01,0.0,0.0,15.0,5.0,701.0,,,,,,
72fbe462-91c5-4c84-9640-e8ad7cad6447 2015 f14bf5cc-9a82-4a38-bc15-d39f75ed5314,Derek Anderson,Panthers,2015,QB,3,0,32,,,,,1.0,0.0,7.0,-0.28600000000000003,0.0,0.0,0.0,-2.0,66.667,1.0,0.0,0.0,0.0,36.0,,,,,,
72fbe462-91c5-4c84-9640-e8ad7cad6447 2016 f14bf5cc-9a82-4a38-bc15-d39f75ed5314,Derek Anderson,Panthers,2016,QB,5,2,33,,,,,1.0,1.0,1.0,4.0,0.0,1.0,0.0,4.0,67.925,7.0,5.0,3.0,2.0,453.0,,,,,,
72fbe462-91c5-4c84-9640-e8ad7cad6447 2017 f14bf5cc-9a82-4a38-bc15-d39f75ed5314,Derek Anderson,Panthers,2017,QB,3,0,34,,,,,,,2.0,-1.0,0.0,0.0,0.0,-2.0,25.0,0.0,0.0,1.0,0.0,17.0,,,,,,
72fbe462-91c5-4c84-9640-e8ad7cad6447 2018 768c92aa-75ff-4a43-bcc0-f2798c2e1724,Derek Anderson,Bills,2018,QB,2,2,35,,,,,3.0,2.0,1.0,-1.0,0.0,0.0,0.0,-1.0,60.0,14.0,4.0,0.0,0.0,465.0,,,,,,
0045a36c-f464-49e0-a25a-9210edc94bc1 2012 0d855753-ea21-4953-89f9-0e20aff9eb73,Chase Daniel,Saints,2012,QB,16,0,26,,,,,,,3.0,5.667000000000002,0.0,0.0,0.0,17.0,100.0,0.0,0.0,0.0,0.0,10.0,,,,,,
0045a36c-f464-49e0-a25a-9210edc94bc1 2013 6680d28d-d4d2-49f6-aace-5292d3ec02c2,Chase Daniel,Chiefs,2013,QB,5,1,27,,,,,,,14.0,3.714,1.0,0.0,0.0,52.0,65.789,0.0,1.0,2.0,1.0,248.0,,,,,,
0045a36c-f464-49e0-a25a-9210edc94bc1 2014 6680d28d-d4d2-49f6-aace-5292d3ec02c2,Chase Daniel,Chiefs,2014,QB,3,1,28,,,,,,,4.0,3.75,0.0,0.0,0.0,15.0,57.143,0.0,0.0,8.0,0.0,157.0,,,,,,
0045a36c-f464-49e0-a25a-9210edc94bc1 2015 6680d28d-d4d2-49f6-aace-5292d3ec02c2,Chase Daniel,Chiefs,2015,QB,2,0,29,,,,,,,2.0,-1.0,0.0,0.0,0.0,-2.0,100.0,0.0,0.0,0.0,0.0,4.0,,,,,,
0045a36c-f464-49e0-a25a-9210edc94bc1 2016 386bdbf9-9eea-4869-bb9a-274b0bc66e80,Chase Daniel,Eagles,2016,QB,1,0,30,,,,,,,,,,,,,100.0,1.0,0.0,0.0,0.0,16.0,,,,,,
0045a36c-f464-49e0-a25a-9210edc94bc1 2017 0d855753-ea21-4953-89f9-0e20aff9eb73,Chase Daniel,Saints,2017,QB,1,0,31,,,,,,,3.0,-0.667,0.0,0.0,0.0,-2.0,,,,,,,,,,,,
0045a36c-f464-49e0-a25a-9210edc94bc1 2018 7b112545-38e6-483c-a55c-96cf6ee49cb8,Chase Daniel,Bears,2018,QB,5,2,32,1.0,0.0,0.0,8.0,4.0,0.0,13.0,0.231,0.0,2.0,0.0,3.0,69.737,5.0,2.0,7.0,3.0,515.0,,,,,,
bb5957e6-ce7d-47ab-8036-22191ffc1c44 2012 0d855753-ea21-4953-89f9-0e20aff9eb73,Drew Brees,Saints,2012,QB,16,16,33,,,,,5.0,1.0,15.0,0.333,0.0,0.0,1.0,5.0,62.985,0.0,19.0,13.0,43.0,5177.0,,,,,,
bb5957e6-ce7d-47ab-8036-22191ffc1c44 2013 0d855753-ea21-4953-89f9-0e20aff9eb73,Drew Brees,Saints,2013,QB,16,16,34,,,,,6.0,2.0,35.0,1.486,5.0,0.0,3.0,52.0,68.615,0.0,12.0,85.0,39.0,5162.0,,,,,,
bb5957e6-ce7d-47ab-8036-22191ffc1c44 2014 0d855753-ea21-4953-89f9-0e20aff9eb73,Drew Brees,Saints,2014,QB,16,16,35,1.0,0.0,0.0,1.0,7.0,3.0,27.0,2.519,6.0,0.0,1.0,68.0,69.196,0.0,17.0,83.0,33.0,4952.0,,,,,,
bb5957e6-ce7d-47ab-8036-22191ffc1c44 2015 0d855753-ea21-4953-89f9-0e20aff9eb73,Drew Brees,Saints,2015,QB,15,15,36,,,,,5.0,2.0,24.0,0.583,4.0,3.0,1.0,14.0,68.262,126.0,11.0,69.0,32.0,4870.0,,,,,,
bb5957e6-ce7d-47ab-8036-22191ffc1c44 2016 0d855753-ea21-4953-89f9-0e20aff9eb73,Drew Brees,Saints,2016,QB,16,16,37,,,,,5.0,4.0,23.0,0.87,3.0,3.0,2.0,20.0,69.985,50.0,15.0,69.0,37.0,5208.0,,,,,,
bb5957e6-ce7d-47ab-8036-22191ffc1c44 2017 0d855753-ea21-4953-89f9-0e20aff9eb73,Drew Brees,Saints,2017,QB,16,16,38,,,,,5.0,0.0,33.0,0.364,4.0,5.0,2.0,12.0,72.015,63.0,8.0,40.0,23.0,4334.0,,,,,,
bb5957e6-ce7d-47ab-8036-22191ffc1c44 2018 0d855753-ea21-4953-89f9-0e20aff9eb73,Drew Brees,Saints,2018,QB,15,15,39,1.0,0.0,0.0,1.0,5.0,1.0,31.0,0.71,4.0,4.0,4.0,22.0,74.438,43.0,5.0,61.0,32.0,3992.0,,,,,,
2fda010a-8c62-4c07-b601-4ba03f57e6af 2012 f0e724b0-4cbf-495a-be47-013907608da9,Alex Smith,49ers,2012,QB,10,9,28,,,,,4.0,1.0,31.0,4.258,0.0,0.0,0.0,132.0,70.183,0.0,5.0,0.0,13.0,1737.0,,,,,,
2fda010a-8c62-4c07-b601-4ba03f57e6af 2013 6680d28d-d4d2-49f6-aace-5292d3ec02c2,Alex Smith,Chiefs,2013,QB,15,15,29,1.0,0.0,0.0,-4.0,7.0,3.0,76.0,5.671,13.0,0.0,1.0,431.0,60.63,0.0,7.0,74.0,23.0,3313.0,,,,,,
2fda010a-8c62-4c07-b601-4ba03f57e6af 2014 6680d28d-d4d2-49f6-aace-5292d3ec02c2,Alex Smith,Chiefs,2014,QB,15,15,30,,,,,4.0,1.0,49.0,5.184,3.0,0.0,1.0,254.0,65.30199999999999,0.0,6.0,57.0,18.0,3265.0,,,,,,
2fda010a-8c62-4c07-b601-4ba03f57e6af 2015 6680d28d-d4d2-49f6-aace-5292d3ec02c2,Alex Smith,Chiefs,2015,QB,16,16,31,,,,,4.0,0.0,84.0,5.9289999999999985,6.0,54.0,2.0,498.0,65.319,96.0,7.0,59.0,20.0,3486.0,,,,,,
2fda010a-8c62-4c07-b601-4ba03f57e6af 2016 6680d28d-d4d2-49f6-aace-5292d3ec02c2,Alex Smith,Chiefs,2016,QB,15,15,32,1.0,0.0,0.0,3.0,7.0,4.0,48.0,2.792,9.0,22.0,5.0,134.0,67.07600000000001,43.0,8.0,26.0,15.0,3502.0,,,,,,
2fda010a-8c62-4c07-b601-4ba03f57e6af 2017 6680d28d-d4d2-49f6-aace-5292d3ec02c2,Alex Smith,Chiefs,2017,QB,15,15,33,,,,,2.0,1.0,60.0,5.917000000000002,3.0,32.0,1.0,355.0,67.525,71.0,5.0,31.0,26.0,4042.0,,,,,,
2fda010a-8c62-4c07-b601-4ba03f57e6af 2018 22052ff7-c065-42ee-bc8f-c4691c50e624,Alex Smith,Redskins,2018,QB,10,10,34,,,,,6.0,1.0,41.0,4.098,5.0,21.0,1.0,168.0,62.5,51.0,5.0,12.0,10.0,2180.0,,,,,,
409d4cac-ee90-4470-9710-ebe671678339 2012 3d08af9e-c767-4f88-a7dc-b920c6d2b4a8,Russell Wilson,Seahawks,2012,QB,16,16,24,,,,,6.0,3.0,94.0,5.202000000000001,3.0,0.0,4.0,489.0,64.122,0.0,10.0,2.0,26.0,3118.0,,,,,,
409d4cac-ee90-4470-9710-ebe671678339 2013 3d08af9e-c767-4f88-a7dc-b920c6d2b4a8,Russell Wilson,Seahawks,2013,QB,16,16,25,,,,,10.0,5.0,96.0,5.615,16.0,0.0,1.0,539.0,63.145,0.0,9.0,53.0,26.0,3357.0,,,,,,
409d4cac-ee90-4470-9710-ebe671678339 2014 3d08af9e-c767-4f88-a7dc-b920c6d2b4a8,Russell Wilson,Seahawks,2014,QB,16,16,26,1.0,0.0,0.0,17.0,11.0,0.0,118.0,7.195,19.0,0.0,6.0,849.0,63.053,0.0,7.0,57.0,20.0,3475.0,,,,,,
409d4cac-ee90-4470-9710-ebe671678339 2015 3d08af9e-c767-4f88-a7dc-b920c6d2b4a8,Russell Wilson,Seahawks,2015,QB,16,16,27,,,,,7.0,3.0,103.0,5.369,10.0,57.0,1.0,553.0,68.116,135.0,8.0,53.0,34.0,4024.0,,,,,,
409d4cac-ee90-4470-9710-ebe671678339 2016 3d08af9e-c767-4f88-a7dc-b920c6d2b4a8,Russell Wilson,Seahawks,2016,QB,16,16,28,2.0,1.0,1.0,14.0,8.0,2.0,72.0,3.597,2.0,35.0,1.0,259.0,64.652,108.0,11.0,31.0,21.0,4219.0,,,,,,
409d4cac-ee90-4470-9710-ebe671678339 2017 3d08af9e-c767-4f88-a7dc-b920c6d2b4a8,Russell Wilson,Seahawks,2017,QB,16,16,29,,,,,14.0,3.0,95.0,6.167999999999998,2.0,53.0,3.0,586.0,61.302,131.0,11.0,35.0,34.0,3983.0,,,,,,
409d4cac-ee90-4470-9710-ebe671678339 2018 3d08af9e-c767-4f88-a7dc-b920c6d2b4a8,Russell Wilson,Seahawks,2018,QB,16,16,30,1.0,0.0,0.0,-11.0,10.0,2.0,67.0,5.612,4.0,30.0,0.0,376.0,65.574,82.0,7.0,35.0,35.0,3448.0,,,,,,
cfc93f5e-105e-4a5e-88d3-f4279893cfa8 2013 5fee86ae-74ab-4bdd-8416-42a9dd9964f3,Geno Smith,Jets,2013,QB,16,16,23,1.0,0.0,0.0,13.0,8.0,4.0,72.0,5.083,11.0,0.0,6.0,366.0,55.756,0.0,21.0,44.0,12.0,3046.0,,,,,,
cfc93f5e-105e-4a5e-88d3-f4279893cfa8 2014 5fee86ae-74ab-4bdd-8416-42a9dd9964f3,Geno Smith,Jets,2014,QB,14,13,24,0.0,1.0,0.0,0.0,8.0,3.0,59.0,4.034,9.0,0.0,1.0,238.0,59.673,0.0,13.0,48.0,13.0,2525.0,,,,,,
cfc93f5e-105e-4a5e-88d3-f4279893cfa8 2015 5fee86ae-74ab-4bdd-8416-42a9dd9964f3,Geno Smith,Jets,2015,QB,1,0,25,,,,,,,2.0,17.0,0.0,2.0,0.0,34.0,64.286,9.0,1.0,4.0,2.0,265.0,,,,,,
cfc93f5e-105e-4a5e-88d3-f4279893cfa8 2016 5fee86ae-74ab-4bdd-8416-42a9dd9964f3,Geno Smith,Jets,2016,QB,2,1,26,,,,,1.0,0.0,2.0,4.5,0.0,2.0,0.0,9.0,57.143,2.0,1.0,0.0,1.0,126.0,,,,,,
cfc93f5e-105e-4a5e-88d3-f4279893cfa8 2017 04aa1c9d-66da-489d-b16a-1dee3f2eec4d,Geno Smith,Giants,2017,QB,2,1,27,,,,,2.0,2.0,4.0,3.0,1.0,3.0,0.0,12.0,58.333,9.0,0.0,2.0,1.0,212.0,,,,,,
cfc93f5e-105e-4a5e-88d3-f4279893cfa8 2018 1f6dcffb-9823-43cd-9ff4-e7a8466749b5,Geno Smith,Chargers,2018,QB,5,0,28,,,,,1.0,1.0,8.0,0.25,0.0,1.0,0.0,2.0,25.0,2.0,0.0,0.0,0.0,8.0,,,,,,
1c6daf8e-d6dc-4d88-a5fa-c3ebcd93a6e5 2013 d5a2eb42-8065-4174-ab79-0a6fa820e35e,Alex Tanney,Browns,2013,QB,0,0,26,,,,,,,,,,,,,,,,,,,,,,,,
1c6daf8e-d6dc-4d88-a5fa-c3ebcd93a6e5 2015 d26a1ca5-722d-4274-8f97-c92e49c96315,Alex Tanney,Titans,2015,QB,1,0,28,,,,,,,,,,,,,71.429,5.0,0.0,2.0,1.0,99.0,,,,,,
1c6daf8e-d6dc-4d88-a5fa-c3ebcd93a6e5 2016 d26a1ca5-722d-4274-8f97-c92e49c96315,Alex Tanney,Titans,2016,QB,0,0,29,,,,,,,,,,,,,,,,,,,,,,,,
1c6daf8e-d6dc-4d88-a5fa-c3ebcd93a6e5 2018 04aa1c9d-66da-489d-b16a-1dee3f2eec4d,Alex Tanney,Giants,2018,QB,0,0,31,,,,,,,,,,,,,,,,,,,,,,,,
d4dd3d0b-5023-415d-ad15-94f294c561b1 2013 cb2f9f1f-ac67-424e-9e72-1475cb0ed398,Landry Jones,Steelers,2013,QB,0,0,24,,,,,,,,,,,,,,,,,,,,,,,,
d4dd3d0b-5023-415d-ad15-94f294c561b1 2014 cb2f9f1f-ac67-424e-9e72-1475cb0ed398,Landry Jones,Steelers,2014,QB,0,0,25,,,,,,,,,,,,,,,,,,,,,,,,
d4dd3d0b-5023-415d-ad15-94f294c561b1 2015 cb2f9f1f-ac67-424e-9e72-1475cb0ed398,Landry Jones,Steelers,2015,QB,7,2,26,,,,,1.0,1.0,5.0,-1.0,0.0,0.0,0.0,-5.0,58.182,15.0,4.0,9.0,3.0,513.0,,,,,,
d4dd3d0b-5023-415d-ad15-94f294c561b1 2016 cb2f9f1f-ac67-424e-9e72-1475cb0ed398,Landry Jones,Steelers,2016,QB,8,2,27,,,,,0.0,0.0,6.0,-0.667,0.0,0.0,0.0,-4.0,61.628,9.0,2.0,5.0,4.0,558.0,,,,,,
d4dd3d0b-5023-415d-ad15-94f294c561b1 2017 cb2f9f1f-ac67-424e-9e72-1475cb0ed398,Landry Jones,Steelers,2017,QB,3,1,28,,,,,1.0,1.0,8.0,-1.25,0.0,0.0,0.0,-10.0,82.14299999999999,1.0,1.0,0.0,1.0,239.0,,,,,,
d4dd3d0b-5023-415d-ad15-94f294c561b1 2018 f7ddd7fa-0bae-4f90-bc8e-669e4d6cf2de,Landry Jones,Jaguars,2018,QB,0,0,29,,,,,,,,,,,,,,,,,,,,,,,,
1b3d350a-478b-4542-a430-d12cc96adc22 2013 82d2d380-3834-4938-835f-aec541e5ece7,Case Keenum,Texans,2013,QB,8,8,25,,,,,6.0,2.0,14.0,5.143,3.0,0.0,1.0,72.0,54.15,0.0,6.0,14.0,9.0,1760.0,,,,,,
1b3d350a-478b-4542-a430-d12cc96adc22 2014 82d2d380-3834-4938-835f-aec541e5ece7,Case Keenum,Texans,2014,QB,2,2,26,,,,,1.0,1.0,10.0,3.5,1.0,0.0,0.0,35.0,58.442,0.0,2.0,19.0,2.0,435.0,,,,,,
1b3d350a-478b-4542-a430-d12cc96adc22 2016 2eff2a03-54d4-46ba-890e-2bc3925548f3,Case Keenum,Rams,2016,QB,10,9,28,,,,,5.0,1.0,20.0,2.55,2.0,8.0,1.0,51.0,60.87,48.0,11.0,18.0,9.0,2201.0,,,,,,
1b3d350a-478b-4542-a430-d12cc96adc22 2017 33405046-04ee-4058-a950-d606f8c30852,Case Keenum,Vikings,2017,QB,15,14,29,,,,,1.0,1.0,40.0,4.0,3.0,17.0,1.0,160.0,67.568,95.0,7.0,26.0,22.0,3547.0,,,,,,
1b3d350a-478b-4542-a430-d12cc96adc22 2018 ce92bd47-93d5-4fe9-ada4-0fc681e6caa0,Case Keenum,Broncos,2018,QB,16,16,30,,,,,11.0,2.0,26.0,3.577,1.0,12.0,2.0,93.0,62.287,77.0,15.0,32.0,18.0,3890.0,,,,,,
b13ba4c3-5761-40fb-aa6a-935f09c39a6b 2013 6680d28d-d4d2-49f6-aace-5292d3ec02c2,Tyler Bray,Chiefs,2013,QB,0,0,22,,,,,,,,,,,,,,,,,,,,,,,,
b13ba4c3-5761-40fb-aa6a-935f09c39a6b 2016 6680d28d-d4d2-49f6-aace-5292d3ec02c2,Tyler Bray,Chiefs,2016,QB,0,0,25,,,,,,,,,,,,,,,,,,,,,,,,
b13ba4c3-5761-40fb-aa6a-935f09c39a6b 2017 6680d28d-d4d2-49f6-aace-5292d3ec02c2,Tyler Bray,Chiefs,2017,QB,1,0,26,,,,,1.0,1.0,1.0,0.0,0.0,0.0,0.0,0.0,0.0,1.0,0.0,0.0,0.0,0.0,,,,,,
b13ba4c3-5761-40fb-aa6a-935f09c39a6b 2018 7b112545-38e6-483c-a55c-96cf6ee49cb8,Tyler Bray,Bears,2018,QB,0,0,27,,,,,,,,,,,,,,,,,,,,,,,,
da7cb0cc-543e-47d5-b29a-2ba2b341bd14 2013 386bdbf9-9eea-4869-bb9a-274b0bc66e80,Matt Barkley,Eagles,2013,QB,3,0,23,,,,,3.0,1.0,2.0,-1.0,0.0,0.0,0.0,-2.0,61.224,0.0,4.0,3.0,0.0,300.0,,,,,,
da7cb0cc-543e-47d5-b29a-2ba2b341bd14 2014 386bdbf9-9eea-4869-bb9a-274b0bc66e80,Matt Barkley,Eagles,2014,QB,1,0,24,,,,,,,3.0,0.0,0.0,0.0,0.0,0.0,0.0,0.0,0.0,0.0,0.0,0.0,,,,,,
da7cb0cc-543e-47d5-b29a-2ba2b341bd14 2015 de760528-1dc0-416a-a978-b510d20692ff,Matt Barkley,Cardinals,2015,QB,0,0,25,,,,,,,,,,,,,,,,,,,,,,,,
da7cb0cc-543e-47d5-b29a-2ba2b341bd14 2016 7b112545-38e6-483c-a55c-96cf6ee49cb8,Matt Barkley,Bears,2016,QB,7,6,26,1.0,1.0,1.0,2.0,4.0,2.0,7.0,0.28600000000000003,0.0,1.0,0.0,2.0,59.722,26.0,14.0,13.0,8.0,1611.0,,,,,,
da7cb0cc-543e-47d5-b29a-2ba2b341bd14 2017 de760528-1dc0-416a-a978-b510d20692ff,Matt Barkley,Cardinals,2017,QB,0,0,27,,,,,,,,,,,,,,,,,,,,,,,,
da7cb0cc-543e-47d5-b29a-2ba2b341bd14 2018 768c92aa-75ff-4a43-bcc0-f2798c2e1724,Matt Barkley,Bills,2018,QB,1,1,28,,,,,,,3.0,-0.667,0.0,0.0,0.0,-2.0,60.0,2.0,0.0,5.0,2.0,232.0,,,,,,
e1235f1e-26ce-438c-8168-3b1ded4ab893 2013 4254d319-1bc7-4f81-b4ab-b5e6f3402b69,Mike Glennon,Buccaneers,2013,QB,13,13,24,,,,,7.0,4.0,27.0,1.37,0.0,0.0,0.0,37.0,59.375,0.0,9.0,47.0,19.0,2608.0,,,,,,
e1235f1e-26ce-438c-8168-3b1ded4ab893 2014 4254d319-1bc7-4f81-b4ab-b5e6f3402b69,Mike Glennon,Buccaneers,2014,QB,6,5,25,,,,,2.0,0.0,10.0,4.9,0.0,0.0,0.0,49.0,57.635,0.0,6.0,23.0,10.0,1417.0,,,,,,
e1235f1e-26ce-438c-8168-3b1ded4ab893 2015 4254d319-1bc7-4f81-b4ab-b5e6f3402b69,Mike Glennon,Buccaneers,2015,QB,0,0,26,,,,,,,,,,,,,,,,,,,,,,,,
e1235f1e-26ce-438c-8168-3b1ded4ab893 2016 4254d319-1bc7-4f81-b4ab-b5e6f3402b69,Mike Glennon,Buccaneers,2016,QB,2,0,27,,,,,,,,,,,,,90.909,1.0,0.0,1.0,1.0,75.0,,,,,,
e1235f1e-26ce-438c-8168-3b1ded4ab893 2017 7b112545-38e6-483c-a55c-96cf6ee49cb8,Mike Glennon,Bears,2017,QB,4,4,28,,,,,5.0,3.0,4.0,1.0,0.0,1.0,0.0,4.0,66.429,25.0,5.0,8.0,4.0,833.0,,,,,,
e1235f1e-26ce-438c-8168-3b1ded4ab893 2018 de760528-1dc0-416a-a978-b510d20692ff,Mike Glennon,Cardinals,2018,QB,2,0,29,,,,,,,,,,,,,71.429,1.0,0.0,0.0,1.0,174.0,,,,,,
949c34b9-150a-4a1b-b884-1fcf1ebaabdf 2013 0d855753-ea21-4953-89f9-0e20aff9eb73,Ryan Griffin,Saints,2013,QB,0,0,24,,,,,,,,,,,,,,,,,,,,,,,,
949c34b9-150a-4a1b-b884-1fcf1ebaabdf 2014 0d855753-ea21-4953-89f9-0e20aff9eb73,Ryan Griffin,Saints,2014,QB,0,0,25,,,,,,,,,,,,,,,,,,,,,,,,
949c34b9-150a-4a1b-b884-1fcf1ebaabdf 2015 4254d319-1bc7-4f81-b4ab-b5e6f3402b69,Ryan Griffin,Buccaneers,2015,QB,0,0,26,,,,,,,,,,,,,,,,,,,,,,,,
949c34b9-150a-4a1b-b884-1fcf1ebaabdf 2016 4254d319-1bc7-4f81-b4ab-b5e6f3402b69,Ryan Griffin,Buccaneers,2016,QB,0,0,27,,,,,,,,,,,,,,,,,,,,,,,,
949c34b9-150a-4a1b-b884-1fcf1ebaabdf 2017 4254d319-1bc7-4f81-b4ab-b5e6f3402b69,Ryan Griffin,Buccaneers,2017,QB,0,0,28,,,,,,,,,,,,,,,,,,,,,,,,
949c34b9-150a-4a1b-b884-1fcf1ebaabdf 2018 4254d319-1bc7-4f81-b4ab-b5e6f3402b69,Ryan Griffin,Buccaneers,2018,QB,0,0,29,,,,,,,,,,,,,,,,,,,,,,,,
42de9d1d-0352-460b-9172-9452414fd7fd 2014 97354895-8c77-4fd4-a860-32e62ea7382a,Jimmy Garoppolo,Patriots,2014,QB,6,0,23,,,,,,,10.0,0.9,1.0,0.0,0.0,9.0,70.37,0.0,0.0,1.0,1.0,182.0,,,,,,
42de9d1d-0352-460b-9172-9452414fd7fd 2015 97354895-8c77-4fd4-a860-32e62ea7382a,Jimmy Garoppolo,Patriots,2015,QB,5,0,24,,,,,,,5.0,-1.0,0.0,0.0,0.0,-5.0,25.0,0.0,0.0,0.0,0.0,6.0,,,,,,
42de9d1d-0352-460b-9172-9452414fd7fd 2016 97354895-8c77-4fd4-a860-32e62ea7382a,Jimmy Garoppolo,Patriots,2016,QB,6,2,25,1.0,0.0,0.0,3.0,2.0,1.0,10.0,0.6,0.0,2.0,0.0,6.0,68.25399999999999,6.0,0.0,3.0,4.0,502.0,,,,,,
42de9d1d-0352-460b-9172-9452414fd7fd 2017 97354895-8c77-4fd4-a860-32e62ea7382a,Jimmy Garoppolo,Patriots,2017,QB,0,0,26,,,,,,,,,,,,,,,,,,,,,,,,
42de9d1d-0352-460b-9172-9452414fd7fd 2017 f0e724b0-4cbf-495a-be47-013907608da9,Jimmy Garoppolo,49ers,2017,QB,6,5,26,1.0,1.0,0.0,-6.0,1.0,0.0,15.0,0.733,1.0,4.0,1.0,11.0,67.416,29.0,5.0,23.0,7.0,1560.0,,,,,,
42de9d1d-0352-460b-9172-9452414fd7fd 2018 f0e724b0-4cbf-495a-be47-013907608da9,Jimmy Garoppolo,49ers,2018,QB,3,3,27,,,,,4.0,0.0,8.0,4.125,1.0,5.0,0.0,33.0,59.551,16.0,3.0,8.0,5.0,718.0,,,,,,
d4b30988-e8c5-4689-8037-f79a0d3c2774 2014 ad4ae08f-d808-42d5-a1e6-e9bc4e34d123,AJ McCarron,Bengals,2014,QB,0,0,24,,,,,,,,,,,,,,,,,,,,,,,,
d4b30988-e8c5-4689-8037-f79a0d3c2774 2015 ad4ae08f-d808-42d5-a1e6-e9bc4e34d123,AJ McCarron,Bengals,2015,QB,7,3,25,,,,,1.0,1.0,14.0,2.214,1.0,8.0,0.0,31.0,66.387,36.0,2.0,10.0,6.0,854.0,,,,,,
d4b30988-e8c5-4689-8037-f79a0d3c2774 2016 ad4ae08f-d808-42d5-a1e6-e9bc4e34d123,AJ McCarron,Bengals,2016,QB,1,0,26,,,,,,,,,,,,,,,,,,,,,,,,
d4b30988-e8c5-4689-8037-f79a0d3c2774 2017 ad4ae08f-d808-42d5-a1e6-e9bc4e34d123,AJ McCarron,Bengals,2017,QB,3,0,27,,,,,,,,,,,,,50.0,3.0,0.0,0.0,0.0,66.0,,,,,,
d4b30988-e8c5-4689-8037-f79a0d3c2774 2018 1c1cec48-6352-4556-b789-35304c1a6ae1,AJ McCarron,Raiders,2018,QB,2,0,28,,,,,1.0,0.0,3.0,-0.667,0.0,0.0,0.0,-2.0,33.333,1.0,0.0,0.0,0.0,8.0,,,,,,
6723249c-5fb5-4b0a-9373-cb59cdc99ec8 2014 f7ddd7fa-0bae-4f90-bc8e-669e4d6cf2de,Blake Bortles,Jaguars,2014,QB,14,13,22,,,,,7.0,1.0,56.0,7.482,4.0,0.0,0.0,419.0,58.947,0.0,17.0,38.0,11.0,2908.0,,,,,,
6723249c-5fb5-4b0a-9373-cb59cdc99ec8 2015 f7ddd7fa-0bae-4f90-bc8e-669e4d6cf2de,Blake Bortles,Jaguars,2015,QB,16,16,23,,,,,14.0,5.0,52.0,5.9620000000000015,8.0,25.0,2.0,310.0,58.581,153.0,18.0,90.0,35.0,4428.0,,,,,,
6723249c-5fb5-4b0a-9373-cb59cdc99ec8 2016 f7ddd7fa-0bae-4f90-bc8e-669e4d6cf2de,Blake Bortles,Jaguars,2016,QB,16,16,24,1.0,0.0,1.0,20.0,8.0,6.0,58.0,6.19,5.0,35.0,3.0,359.0,58.88,70.0,16.0,32.0,23.0,3905.0,,,,,,
6723249c-5fb5-4b0a-9373-cb59cdc99ec8 2017 f7ddd7fa-0bae-4f90-bc8e-669e4d6cf2de,Blake Bortles,Jaguars,2017,QB,16,16,25,,,,,9.0,3.0,57.0,5.649,8.0,25.0,2.0,322.0,60.229,103.0,13.0,29.0,21.0,3687.0,,,,,,
6723249c-5fb5-4b0a-9373-cb59cdc99ec8 2018 f7ddd7fa-0bae-4f90-bc8e-669e4d6cf2de,Blake Bortles,Jaguars,2018,QB,13,12,26,,,,,8.0,4.0,58.0,6.292999999999998,1.0,40.0,1.0,365.0,60.298,30.0,11.0,23.0,13.0,2718.0,,,,,,
ba2e7ff8-ed39-4fd1-85e3-d263a946a212 2014 82d2d380-3834-4938-835f-aec541e5ece7,Tom Savage,Texans,2014,QB,2,0,24,,,,,2.0,1.0,6.0,-1.0,0.0,0.0,0.0,-6.0,52.632,0.0,1.0,0.0,0.0,127.0,,,,,,
ba2e7ff8-ed39-4fd1-85e3-d263a946a212 2016 82d2d380-3834-4938-835f-aec541e5ece7,Tom Savage,Texans,2016,QB,3,2,26,,,,,1.0,1.0,6.0,2.0,0.0,2.0,0.0,12.0,63.014,7.0,0.0,1.0,0.0,461.0,,,,,,
ba2e7ff8-ed39-4fd1-85e3-d263a946a212 2017 82d2d380-3834-4938-835f-aec541e5ece7,Tom Savage,Texans,2017,QB,8,7,27,,,,,8.0,7.0,4.0,0.5,0.0,2.0,0.0,2.0,56.054,31.0,6.0,17.0,5.0,1412.0,,,,,,
ba2e7ff8-ed39-4fd1-85e3-d263a946a212 2018 ad4ae08f-d808-42d5-a1e6-e9bc4e34d123,Tom Savage,Bengals,2018,QB,0,0,28,,,,,,,,,,,,,,,,,,,,,,,,
ba2e7ff8-ed39-4fd1-85e3-d263a946a212 2018 f0e724b0-4cbf-495a-be47-013907608da9,Tom Savage,49ers,2018,QB,0,0,28,,,,,,,,,,,,,,,,,,,,,,,,
9f026fc0-4449-4dc5-a226-2e2830619381 2014 1c1cec48-6352-4556-b789-35304c1a6ae1,Derek Carr,Raiders,2014,QB,16,16,23,0.0,0.0,0.0,0.0,10.0,4.0,29.0,3.172,2.0,0.0,0.0,92.0,58.097,0.0,12.0,44.0,21.0,3270.0,,,,,,
9f026fc0-4449-4dc5-a226-2e2830619381 2015 1c1cec48-6352-4556-b789-35304c1a6ae1,Derek Carr,Raiders,2015,QB,16,16,24,,,,,10.0,3.0,33.0,4.182,4.0,17.0,0.0,138.0,61.082,112.0,13.0,52.0,32.0,3987.0,,,,,,
9f026fc0-4449-4dc5-a226-2e2830619381 2016 1c1cec48-6352-4556-b789-35304c1a6ae1,Derek Carr,Raiders,2016,QB,15,15,25,,,,,5.0,3.0,39.0,1.795,4.0,17.0,0.0,70.0,63.75,70.0,6.0,33.0,28.0,3937.0,,,,,,
9f026fc0-4449-4dc5-a226-2e2830619381 2017 1c1cec48-6352-4556-b789-35304c1a6ae1,Derek Carr,Raiders,2017,QB,15,15,26,,,,,8.0,3.0,23.0,2.87,1.0,9.0,0.0,66.0,62.718,63.0,13.0,24.0,22.0,3496.0,,,,,,
9f026fc0-4449-4dc5-a226-2e2830619381 2018 1c1cec48-6352-4556-b789-35304c1a6ae1,Derek Carr,Raiders,2018,QB,16,16,27,1.0,0.0,0.0,-9.0,12.0,7.0,24.0,1.958,1.0,8.0,1.0,47.0,68.89699999999999,69.0,10.0,32.0,19.0,4049.0,,,,,,
eab69ec2-9cba-4783-8260-cf99121ed2c8 2014 7b112545-38e6-483c-a55c-96cf6ee49cb8,David Fales,Bears,2014,QB,0,0,24,,,,,,,,,,,,,,,,,,,,,,,,
eab69ec2-9cba-4783-8260-cf99121ed2c8 2015 7b112545-38e6-483c-a55c-96cf6ee49cb8,David Fales,Bears,2015,QB,0,0,25,,,,,,,,,,,,,,,,,,,,,,,,
eab69ec2-9cba-4783-8260-cf99121ed2c8 2016 7b112545-38e6-483c-a55c-96cf6ee49cb8,David Fales,Bears,2016,QB,1,0,26,,,,,1.0,0.0,1.0,0.0,0.0,0.0,0.0,0.0,40.0,0.0,0.0,0.0,0.0,22.0,,,,,,
eab69ec2-9cba-4783-8260-cf99121ed2c8 2017 4809ecb0-abd3-451d-9c4a-92a90b83ca06,David Fales,Dolphins,2017,QB,2,0,27,,,,,,,4.0,2.0,0.0,3.0,1.0,8.0,67.442,8.0,1.0,3.0,1.0,265.0,,,,,,
eab69ec2-9cba-4783-8260-cf99121ed2c8 2018 4809ecb0-abd3-451d-9c4a-92a90b83ca06,David Fales,Dolphins,2018,QB,0,0,28,,,,,,,,,,,,,,,,,,,,,,,,
d4cb52a9-f6b4-42ed-b40b-27bff5f1eea7 2014 33405046-04ee-4058-a950-d606f8c30852,Teddy Bridgewater,Vikings,2014,QB,13,12,22,,,,,3.0,0.0,47.0,4.447,8.0,0.0,1.0,209.0,64.428,0.0,12.0,25.0,14.0,2919.0,,,,,,
d4cb52a9-f6b4-42ed-b40b-27bff5f1eea7 2015 33405046-04ee-4058-a950-d606f8c30852,Teddy Bridgewater,Vikings,2015,QB,16,16,23,,,,,8.0,3.0,44.0,4.364,9.0,24.0,3.0,192.0,65.324,149.0,9.0,42.0,14.0,3231.0,,,,,,
d4cb52a9-f6b4-42ed-b40b-27bff5f1eea7 2017 33405046-04ee-4058-a950-d606f8c30852,Teddy Bridgewater,Vikings,2017,QB,1,0,25,,,,,,,3.0,-1.0,0.0,0.0,0.0,-3.0,0.0,1.0,1.0,0.0,0.0,0.0,,,,,,
d4cb52a9-f6b4-42ed-b40b-27bff5f1eea7 2018 0d855753-ea21-4953-89f9-0e20aff9eb73,Teddy Bridgewater,Saints,2018,QB,5,1,26,,,,,,,11.0,0.455,0.0,3.0,0.0,5.0,60.87,5.0,1.0,3.0,1.0,118.0,,,,,,
fa8cfe11-018a-4d4c-9588-c86cab0415c0 2015 d5a2eb42-8065-4174-ab79-0a6fa820e35e,Austin Davis,Browns,2015,QB,3,2,26,,,,,2.0,2.0,7.0,4.714,0.0,4.0,0.0,33.0,59.574,37.0,3.0,12.0,1.0,547.0,,,,,,
fa8cfe11-018a-4d4c-9588-c86cab0415c0 2016 ce92bd47-93d5-4fe9-ada4-0fc681e6caa0,Austin Davis,Broncos,2016,QB,0,0,27,,,,,,,,,,,,,,,,,,,,,,,,
fa8cfe11-018a-4d4c-9588-c86cab0415c0 2017 3d08af9e-c767-4f88-a7dc-b920c6d2b4a8,Austin Davis,Seahawks,2017,QB,3,0,28,,,,,,,1.0,-1.0,0.0,0.0,0.0,-1.0,,,,,,,,,,,,
fa8cfe11-018a-4d4c-9588-c86cab0415c0 2018 d26a1ca5-722d-4274-8f97-c92e49c96315,Austin Davis,Titans,2018,QB,0,0,29,,,,,,,,,,,,,,,,,,,,,,,,
7c16c04c-04de-41f3-ac16-ad6a9435e3f7 2015 d26a1ca5-722d-4274-8f97-c92e49c96315,Marcus Mariota,Titans,2015,QB,12,12,22,1.0,0.0,1.0,41.0,10.0,6.0,34.0,7.412000000000001,4.0,14.0,2.0,252.0,62.162,85.0,10.0,40.0,19.0,2818.0,,,,,,
7c16c04c-04de-41f3-ac16-ad6a9435e3f7 2016 d26a1ca5-722d-4274-8f97-c92e49c96315,Marcus Mariota,Titans,2016,QB,15,15,23,0.0,0.0,0.0,0.0,9.0,5.0,60.0,5.817,2.0,25.0,2.0,349.0,61.197,62.0,9.0,31.0,26.0,3426.0,,,,,,
7c16c04c-04de-41f3-ac16-ad6a9435e3f7 2017 d26a1ca5-722d-4274-8f97-c92e49c96315,Marcus Mariota,Titans,2017,QB,15,15,24,,,,,2.0,1.0,60.0,5.2,6.0,22.0,5.0,312.0,62.03100000000001,62.0,15.0,19.0,13.0,3232.0,,,,,,
7c16c04c-04de-41f3-ac16-ad6a9435e3f7 2018 d26a1ca5-722d-4274-8f97-c92e49c96315,Marcus Mariota,Titans,2018,QB,14,13,25,1.0,0.0,0.0,21.0,9.0,2.0,64.0,5.5779999999999985,6.0,33.0,2.0,357.0,68.882,59.0,8.0,29.0,11.0,2528.0,,,,,,
e23dc743-ecee-4cf3-a263-69d3da3bae94 2015 ce92bd47-93d5-4fe9-ada4-0fc681e6caa0,Trevor Siemian,Broncos,2015,QB,1,0,24,,,,,,,1.0,-1.0,0.0,0.0,0.0,-1.0,,,,,,,,,,,,
e23dc743-ecee-4cf3-a263-69d3da3bae94 2016 ce92bd47-93d5-4fe9-ada4-0fc681e6caa0,Trevor Siemian,Broncos,2016,QB,14,14,25,,,,,4.0,2.0,28.0,2.036,0.0,13.0,0.0,57.0,59.465,46.0,10.0,27.0,18.0,3401.0,,,,,,
e23dc743-ecee-4cf3-a263-69d3da3bae94 2017 ce92bd47-93d5-4fe9-ada4-0fc681e6caa0,Trevor Siemian,Broncos,2017,QB,11,10,26,,,,,5.0,2.0,31.0,4.097,1.0,24.0,1.0,127.0,59.026,55.0,14.0,16.0,12.0,2285.0,,,,,,
e23dc743-ecee-4cf3-a263-69d3da3bae94 2018 33405046-04ee-4058-a950-d606f8c30852,Trevor Siemian,Vikings,2018,QB,0,0,27,,,,,,,,,,,,,,,,,,,,,,,,
cc3640b0-7560-431f-84ab-599e9dc8cac6 2015 386bdbf9-9eea-4869-bb9a-274b0bc66e80,Sam Bradford,Eagles,2015,QB,14,14,28,,,,,10.0,3.0,26.0,1.5,0.0,10.0,0.0,39.0,65.038,99.0,14.0,50.0,19.0,3725.0,,,,,,
cc3640b0-7560-431f-84ab-599e9dc8cac6 2016 33405046-04ee-4058-a950-d606f8c30852,Sam Bradford,Vikings,2016,QB,15,15,29,1.0,0.0,0.0,5.0,10.0,5.0,20.0,2.65,0.0,7.0,0.0,53.0,71.558,55.0,5.0,32.0,20.0,3877.0,,,,,,
cc3640b0-7560-431f-84ab-599e9dc8cac6 2017 33405046-04ee-4058-a950-d606f8c30852,Sam Bradford,Vikings,2017,QB,2,2,30,,,,,,,2.0,-1.5,0.0,0.0,0.0,-3.0,74.419,7.0,0.0,4.0,3.0,382.0,,,,,,
cc3640b0-7560-431f-84ab-599e9dc8cac6 2018 de760528-1dc0-416a-a978-b510d20692ff,Sam Bradford,Cardinals,2018,QB,3,3,31,,,,,3.0,2.0,2.0,3.5,0.0,1.0,0.0,7.0,62.5,8.0,4.0,3.0,2.0,400.0,,,,,,
e97f5ca9-186e-4346-ae65-1cd757ada455 2015 a20471b4-a8d9-40c7-95ad-90cc30e46932,Brett Hundley,Packers,2015,QB,0,0,22,,,,,,,,,,,,,,,,,,,,,,,,
e97f5ca9-186e-4346-ae65-1cd757ada455 2016 a20471b4-a8d9-40c7-95ad-90cc30e46932,Brett Hundley,Packers,2016,QB,4,0,23,,,,,1.0,0.0,3.0,-0.667,0.0,0.0,0.0,-2.0,20.0,0.0,1.0,0.0,0.0,17.0,,,,,,
e97f5ca9-186e-4346-ae65-1cd757ada455 2017 a20471b4-a8d9-40c7-95ad-90cc30e46932,Brett Hundley,Packers,2017,QB,11,9,24,1.0,0.0,0.0,10.0,4.0,2.0,36.0,7.5,4.0,21.0,2.0,270.0,60.75899999999999,53.0,12.0,10.0,9.0,1836.0,,,,,,
e97f5ca9-186e-4346-ae65-1cd757ada455 2018 3d08af9e-c767-4f88-a7dc-b920c6d2b4a8,Brett Hundley,Seahawks,2018,QB,0,0,25,,,,,,,,,,,,,,,,,,,,,,,,
2c259733-ec2c-4e3c-bb7b-34dc0d37dc34 2015 33405046-04ee-4058-a950-d606f8c30852,Taylor Heinicke,Vikings,2015,QB,0,0,22,,,,,,,,,,,,,,,,,,,,,,,,
2c259733-ec2c-4e3c-bb7b-34dc0d37dc34 2016 33405046-04ee-4058-a950-d606f8c30852,Taylor Heinicke,Vikings,2016,QB,0,0,23,,,,,,,,,,,,,,,,,,,,,,,,
2c259733-ec2c-4e3c-bb7b-34dc0d37dc34 2017 82d2d380-3834-4938-835f-aec541e5ece7,Taylor Heinicke,Texans,2017,QB,1,0,24,,,,,,,1.0,2.0,0.0,1.0,0.0,2.0,100.0,0.0,0.0,0.0,0.0,10.0,,,,,,
2c259733-ec2c-4e3c-bb7b-34dc0d37dc34 2018 f14bf5cc-9a82-4a38-bc15-d39f75ed5314,Taylor Heinicke,Panthers,2018,QB,6,1,25,,,,,1.0,0.0,5.0,6.2,0.0,2.0,0.0,31.0,61.404,5.0,3.0,5.0,1.0,320.0,,,,,,
fb3b36fc-b985-4807-8199-d038d7e62a93 2015 4254d319-1bc7-4f81-b4ab-b5e6f3402b69,Jameis Winston,Buccaneers,2015,QB,16,16,21,,,,,6.0,2.0,54.0,3.944,9.0,34.0,6.0,213.0,58.31800000000001,128.0,15.0,72.0,22.0,4042.0,,,,,,
fb3b36fc-b985-4807-8199-d038d7e62a93 2016 4254d319-1bc7-4f81-b4ab-b5e6f3402b69,Jameis Winston,Buccaneers,2016,QB,16,16,22,,,,,10.0,6.0,53.0,3.113,2.0,29.0,1.0,165.0,60.847,83.0,18.0,38.0,28.0,4090.0,,,,,,
fb3b36fc-b985-4807-8199-d038d7e62a93 2017 4254d319-1bc7-4f81-b4ab-b5e6f3402b69,Jameis Winston,Buccaneers,2017,QB,13,13,23,,,,,15.0,7.0,33.0,4.091,5.0,24.0,1.0,135.0,63.801,50.0,11.0,19.0,19.0,3504.0,,,,,,
fb3b36fc-b985-4807-8199-d038d7e62a93 2018 4254d319-1bc7-4f81-b4ab-b5e6f3402b69,Jameis Winston,Buccaneers,2018,QB,11,9,24,,,,,7.0,3.0,49.0,5.735,3.0,36.0,1.0,281.0,64.55,43.0,14.0,21.0,19.0,2992.0,,,,,,
ad2258ab-67f0-41c2-bcf3-f3ba145187dc 2016 97354895-8c77-4fd4-a860-32e62ea7382a,Jacoby Brissett,Patriots,2016,QB,3,2,24,,,,,3.0,1.0,16.0,5.188,1.0,7.0,1.0,83.0,61.81800000000001,6.0,0.0,2.0,0.0,400.0,,,,,,
ad2258ab-67f0-41c2-bcf3-f3ba145187dc 2017 82cf9565-6eb9-4f01-bdbd-5aa0d472fcd9,Jacoby Brissett,Colts,2017,QB,16,15,25,,,,,8.0,3.0,63.0,4.127,4.0,39.0,4.0,260.0,58.849,98.0,7.0,15.0,13.0,3098.0,,,,,,
ad2258ab-67f0-41c2-bcf3-f3ba145187dc 2018 82cf9565-6eb9-4f01-bdbd-5aa0d472fcd9,Jacoby Brissett,Colts,2018,QB,4,0,26,,,,,,,7.0,-1.0,0.0,0.0,0.0,-7.0,50.0,1.0,0.0,0.0,0.0,2.0,,,,,,
4d517d8f-fe4d-4c89-9a2a-fee836ba4a71 2016 ad4ae08f-d808-42d5-a1e6-e9bc4e34d123,Jeff Driskel,Bengals,2016,QB,0,0,23,,,,,,,,,,,,,,,,,,,,,,,,
4d517d8f-fe4d-4c89-9a2a-fee836ba4a71 2018 ad4ae08f-d808-42d5-a1e6-e9bc4e34d123,Jeff Driskel,Bengals,2018,QB,9,5,25,,,,,4.0,1.0,25.0,5.2,1.0,11.0,2.0,130.0,59.659,9.0,2.0,8.0,6.0,1003.0,,,,,,
573f7acc-376b-4f37-8039-5c4c15c4a508 2016 d5a2eb42-8065-4174-ab79-0a6fa820e35e,Cody Kessler,Browns,2016,QB,9,8,23,,,,,4.0,1.0,11.0,1.636,1.0,4.0,0.0,18.0,65.641,56.0,2.0,9.0,6.0,1380.0,,,,,,
573f7acc-376b-4f37-8039-5c4c15c4a508 2017 d5a2eb42-8065-4174-ab79-0a6fa820e35e,Cody Kessler,Browns,2017,QB,3,0,24,,,,,,,1.0,-1.0,0.0,0.0,0.0,-1.0,47.826,7.0,1.0,0.0,0.0,126.0,,,,,,
573f7acc-376b-4f37-8039-5c4c15c4a508 2018 f7ddd7fa-0bae-4f90-bc8e-669e4d6cf2de,Cody Kessler,Jaguars,2018,QB,5,4,25,,,,,5.0,3.0,19.0,6.474,0.0,15.0,0.0,123.0,64.885,27.0,2.0,7.0,2.0,709.0,,,,,,
cd571cfc-9b44-4b69-a801-431db9aaa85e 2016 d5a2eb42-8065-4174-ab79-0a6fa820e35e,Kevin Hogan,Browns,2016,QB,4,0,24,,,,,,,8.0,13.125,0.0,3.0,1.0,105.0,53.846,4.0,2.0,1.0,0.0,104.0,,,,,,
cd571cfc-9b44-4b69-a801-431db9aaa85e 2017 d5a2eb42-8065-4174-ab79-0a6fa820e35e,Kevin Hogan,Browns,2017,QB,4,1,25,,,,,1.0,0.0,10.0,7.1,1.0,5.0,0.0,71.0,61.333,9.0,5.0,2.0,4.0,517.0,,,,,,
cd571cfc-9b44-4b69-a801-431db9aaa85e 2018 ce92bd47-93d5-4fe9-ada4-0fc681e6caa0,Kevin Hogan,Broncos,2018,QB,0,0,26,,,,,,,,,,,,,,,,,,,,,,,,
a8c3bcd7-69d0-4c5e-a876-6b33857942bc 2016 f7ddd7fa-0bae-4f90-bc8e-669e4d6cf2de,Brandon Allen,Jaguars,2016,QB,0,0,24,,,,,,,,,,,,,,,,,,,,,,,,
a8c3bcd7-69d0-4c5e-a876-6b33857942bc 2017 2eff2a03-54d4-46ba-890e-2bc3925548f3,Brandon Allen,Rams,2017,QB,0,0,25,,,,,,,,,,,,,,,,,,,,,,,,
a8c3bcd7-69d0-4c5e-a876-6b33857942bc 2018 2eff2a03-54d4-46ba-890e-2bc3925548f3,Brandon Allen,Rams,2018,QB,0,0,26,,,,,,,,,,,,,,,,,,,,,,,,
86197778-8d4b-4eba-affe-08ef7be7c70b 2016 e627eec7-bbae-4fa4-8e73-8e1d6bc5c060,Dak Prescott,Cowboys,2016,QB,16,16,23,,,,,9.0,4.0,57.0,4.947,6.0,27.0,6.0,282.0,67.756,66.0,4.0,31.0,23.0,3667.0,,,,,,
86197778-8d4b-4eba-affe-08ef7be7c70b 2017 e627eec7-bbae-4fa4-8e73-8e1d6bc5c060,Dak Prescott,Cowboys,2017,QB,16,16,24,0.0,0.0,0.0,0.0,4.0,3.0,57.0,6.263,6.0,32.0,6.0,357.0,62.857,67.0,13.0,36.0,22.0,3324.0,,,,,,
86197778-8d4b-4eba-affe-08ef7be7c70b 2018 e627eec7-bbae-4fa4-8e73-8e1d6bc5c060,Dak Prescott,Cowboys,2018,QB,16,16,25,0.0,1.0,0.0,0.0,12.0,6.0,75.0,4.067,13.0,29.0,6.0,305.0,67.681,73.0,8.0,41.0,22.0,3885.0,,,,,,
e9a5c16b-4472-4be9-8030-3f77be7890cb 2016 386bdbf9-9eea-4869-bb9a-274b0bc66e80,Carson Wentz,Eagles,2016,QB,16,16,24,1.0,0.0,0.0,7.0,14.0,3.0,46.0,3.261,4.0,19.0,2.0,150.0,62.438,64.0,14.0,36.0,16.0,3782.0,,,,,,
e9a5c16b-4472-4be9-8030-3f77be7890cb 2017 386bdbf9-9eea-4869-bb9a-274b0bc66e80,Carson Wentz,Eagles,2017,QB,13,13,25,,,,,9.0,3.0,64.0,4.672,4.0,31.0,0.0,299.0,60.227,73.0,7.0,33.0,33.0,3296.0,,,,,,
e9a5c16b-4472-4be9-8030-3f77be7890cb 2018 386bdbf9-9eea-4869-bb9a-274b0bc66e80,Carson Wentz,Eagles,2018,QB,11,11,26,1.0,0.0,0.0,4.0,9.0,6.0,34.0,2.735,4.0,16.0,0.0,93.0,69.57600000000001,44.0,7.0,33.0,21.0,3074.0,,,,,,
e1c506bd-9e36-45e7-b2b9-fff6a9728a06 2016 22052ff7-c065-42ee-bc8f-c4691c50e624,Nate Sudfeld,Redskins,2016,QB,0,0,23,,,,,,,,,,,,,,,,,,,,,,,,
e1c506bd-9e36-45e7-b2b9-fff6a9728a06 2017 386bdbf9-9eea-4869-bb9a-274b0bc66e80,Nate Sudfeld,Eagles,2017,QB,1,0,24,,,,,0.0,0.0,1.0,22.0,0.0,1.0,0.0,22.0,82.609,7.0,0.0,0.0,0.0,134.0,,,,,,
e1c506bd-9e36-45e7-b2b9-fff6a9728a06 2018 386bdbf9-9eea-4869-bb9a-274b0bc66e80,Nate Sudfeld,Eagles,2018,QB,2,0,25,,,,,,,2.0,-1.0,0.0,0.0,0.0,-2.0,50.0,1.0,0.0,0.0,1.0,22.0,,,,,,
91ead748-e3b0-4926-bd3b-3e327b44e6bc 2016 2eff2a03-54d4-46ba-890e-2bc3925548f3,Sean Mannion,Rams,2016,QB,1,0,24,,,,,1.0,0.0,1.0,-1.0,0.0,0.0,0.0,-1.0,50.0,0.0,1.0,0.0,0.0,19.0,,,,,,
91ead748-e3b0-4926-bd3b-3e327b44e6bc 2017 2eff2a03-54d4-46ba-890e-2bc3925548f3,Sean Mannion,Rams,2017,QB,5,1,25,,,,,2.0,1.0,9.0,-0.222,0.0,0.0,0.0,-2.0,59.459,1.0,0.0,1.0,0.0,185.0,,,,,,
91ead748-e3b0-4926-bd3b-3e327b44e6bc 2018 2eff2a03-54d4-46ba-890e-2bc3925548f3,Sean Mannion,Rams,2018,QB,3,0,26,,,,,,,7.0,-1.286,0.0,0.0,0.0,-9.0,66.667,0.0,0.0,0.0,0.0,23.0,,,,,,
aba8f925-ffbf-4654-bfa7-a25d3d237494 2016 2eff2a03-54d4-46ba-890e-2bc3925548f3,Jared Goff,Rams,2016,QB,7,7,22,,,,,5.0,2.0,8.0,2.0,1.0,3.0,1.0,16.0,54.63399999999999,26.0,7.0,8.0,5.0,1089.0,,,,,,
aba8f925-ffbf-4654-bfa7-a25d3d237494 2017 2eff2a03-54d4-46ba-890e-2bc3925548f3,Jared Goff,Rams,2017,QB,15,15,23,,,,,8.0,3.0,28.0,1.821,1.0,10.0,1.0,51.0,62.055,64.0,7.0,48.0,28.0,3804.0,,,,,,
aba8f925-ffbf-4654-bfa7-a25d3d237494 2018 2eff2a03-54d4-46ba-890e-2bc3925548f3,Jared Goff,Rams,2018,QB,16,16,24,,,,,12.0,5.0,43.0,2.512,4.0,18.0,2.0,108.0,64.884,66.0,12.0,54.0,32.0,4688.0,,,,,,
4e4ba1f9-35c6-4e41-85f5-d8f12d32f459 2017 768c92aa-75ff-4a43-bcc0-f2798c2e1724,Nathan Peterman,Bills,2017,QB,4,2,23,,,,,2.0,0.0,7.0,3.286,0.0,4.0,0.0,23.0,48.98,5.0,5.0,5.0,2.0,252.0,,,,,,
4e4ba1f9-35c6-4e41-85f5-d8f12d32f459 2018 768c92aa-75ff-4a43-bcc0-f2798c2e1724,Nathan Peterman,Bills,2018,QB,4,2,24,,,,,,,10.0,5.0,1.0,8.0,1.0,50.0,54.32100000000001,12.0,7.0,3.0,1.0,296.0,,,,,,
2a78e2e7-4ef3-4cdd-85e8-0d254b65143e 2017 d5a2eb42-8065-4174-ab79-0a6fa820e35e,DeShone Kizer,Browns,2017,QB,15,15,21,,,,,9.0,6.0,77.0,5.442,11.0,46.0,5.0,419.0,53.57100000000001,64.0,22.0,20.0,11.0,2894.0,,,,,,
2a78e2e7-4ef3-4cdd-85e8-0d254b65143e 2018 a20471b4-a8d9-40c7-95ad-90cc30e46932,DeShone Kizer,Packers,2018,QB,3,0,22,,,,,1.0,1.0,5.0,7.8,0.0,4.0,0.0,39.0,47.619,5.0,2.0,0.0,0.0,187.0,,,,,,
15bedebc-839e-450a-86f6-1f5ad1f4f820 2017 cb2f9f1f-ac67-424e-9e72-1475cb0ed398,Joshua Dobbs,Steelers,2017,QB,0,0,22,,,,,,,,,,,,,,,,,,,,,,,,
15bedebc-839e-450a-86f6-1f5ad1f4f820 2018 cb2f9f1f-ac67-424e-9e72-1475cb0ed398,Joshua Dobbs,Steelers,2018,QB,5,0,23,,,,,,,4.0,2.75,0.0,2.0,0.0,11.0,50.0,1.0,1.0,0.0,0.0,43.0,,,,,,
5e5ea79d-7127-4e65-9cd5-b2a0a1fe910e 2017 82cf9565-6eb9-4f01-bdbd-5aa0d472fcd9,Brad Kaaya,Colts,2017,QB,0,0,22,,,,,,,,,,,,,,,,,,,,,,,,
5e5ea79d-7127-4e65-9cd5-b2a0a1fe910e 2017 f14bf5cc-9a82-4a38-bc15-d39f75ed5314,Brad Kaaya,Panthers,2017,QB,0,0,22,,,,,,,,,,,,,,,,,,,,,,,,
5e5ea79d-7127-4e65-9cd5-b2a0a1fe910e 2018 82cf9565-6eb9-4f01-bdbd-5aa0d472fcd9,Brad Kaaya,Colts,2018,QB,0,0,23,,,,,,,,,,,,,,,,,,,,,,,,
eec5265c-7731-4bb6-8af2-4f98a67f9ab7 2017 82d2d380-3834-4938-835f-aec541e5ece7,Deshaun Watson,Texans,2017,QB,7,6,22,,,,,3.0,1.0,36.0,7.472,1.0,19.0,2.0,269.0,61.765,45.0,8.0,15.0,19.0,1699.0,,,,,,
eec5265c-7731-4bb6-8af2-4f98a67f9ab7 2018 82d2d380-3834-4938-835f-aec541e5ece7,Deshaun Watson,Texans,2018,QB,16,16,23,,,,,9.0,3.0,99.0,5.566,14.0,58.0,5.0,551.0,68.317,77.0,9.0,32.0,26.0,4165.0,,,,,,
e47706c7-e14d-41fb-b13b-83a835a1f3bc 2017 1f6dcffb-9823-43cd-9ff4-e7a8466749b5,Philip Rivers,Chargers,2017,QB,16,16,36,,,,,8.0,1.0,18.0,-0.111,5.0,2.0,0.0,-2.0,62.609,89.0,10.0,31.0,28.0,4515.0,,,,,,
e47706c7-e14d-41fb-b13b-83a835a1f3bc 2018 1f6dcffb-9823-43cd-9ff4-e7a8466749b5,Philip Rivers,Chargers,2018,QB,16,16,37,,,,,2.0,1.0,18.0,0.389,3.0,5.0,0.0,7.0,68.307,45.0,12.0,39.0,32.0,4308.0,,,,,,
11cad59d-90dd-449c-a839-dddaba4fe16c 2017 6680d28d-d4d2-49f6-aace-5292d3ec02c2,Patrick Mahomes II,Chiefs,2017,QB,1,1,22,,,,,0.0,0.0,7.0,1.429,1.0,2.0,0.0,10.0,62.857,10.0,1.0,0.0,0.0,284.0,,,,,,
11cad59d-90dd-449c-a839-dddaba4fe16c 2018 6680d28d-d4d2-49f6-aace-5292d3ec02c2,Patrick Mahomes II,Chiefs,2018,QB,16,16,23,,,,,9.0,2.0,60.0,4.533,7.0,27.0,2.0,272.0,66.03399999999999,121.0,12.0,55.0,50.0,5097.0,,,,,,
4595c8ea-9d85-4504-8a34-2c8a02349105 2017 e627eec7-bbae-4fa4-8e73-8e1d6bc5c060,Cooper Rush,Cowboys,2017,QB,2,0,24,,,,,,,2.0,6.5,0.0,0.0,0.0,13.0,33.333,0.0,0.0,1.0,0.0,2.0,,,,,,
4595c8ea-9d85-4504-8a34-2c8a02349105 2018 e627eec7-bbae-4fa4-8e73-8e1d6bc5c060,Cooper Rush,Cowboys,2018,QB,1,0,25,,,,,,,,,,,,,,,,,,,,,,,,
b45cd0e5-42b3-4847-aeec-a3afd07a0160 2017 04aa1c9d-66da-489d-b16a-1dee3f2eec4d,Davis Webb,Giants,2017,QB,0,0,22,,,,,,,,,,,,,,,,,,,,,,,,
b45cd0e5-42b3-4847-aeec-a3afd07a0160 2018 5fee86ae-74ab-4bdd-8416-42a9dd9964f3,Davis Webb,Jets,2018,QB,0,0,23,,,,,,,,,,,,,,,,,,,,,,,,
7a1b8f1a-9024-4897-86b0-01c63e00305e 2017 7b112545-38e6-483c-a55c-96cf6ee49cb8,Mitchell Trubisky,Bears,2017,QB,12,12,23,,,,,10.0,3.0,41.0,6.049,5.0,21.0,2.0,248.0,59.394,44.0,7.0,13.0,7.0,2193.0,,,,,,
7a1b8f1a-9024-4897-86b0-01c63e00305e 2018 7b112545-38e6-483c-a55c-96cf6ee49cb8,Mitchell Trubisky,Bears,2018,QB,14,14,24,,,,,6.0,3.0,68.0,6.191,3.0,36.0,3.0,421.0,66.59,59.0,12.0,25.0,24.0,3223.0,,,,,,
e23505d9-b677-4a86-ba17-564c165a6e66 2017 33405046-04ee-4058-a950-d606f8c30852,Kyle Sloter,Vikings,2017,QB,0,0,23,,,,,,,,,,,,,,,,,,,,,,,,
e23505d9-b677-4a86-ba17-564c165a6e66 2018 33405046-04ee-4058-a950-d606f8c30852,Kyle Sloter,Vikings,2018,QB,0,0,24,,,,,,,,,,,,,,,,,,,,,,,,
56073e7b-84ca-4d4a-a2e7-1bfc0277e8d4 2017 f14bf5cc-9a82-4a38-bc15-d39f75ed5314,Garrett Gilbert,Panthers,2017,QB,0,0,26,,,,,,,,,,,,,,,,,,,,,,,,
56073e7b-84ca-4d4a-a2e7-1bfc0277e8d4 2018 f14bf5cc-9a82-4a38-bc15-d39f75ed5314,Garrett Gilbert,Panthers,2018,QB,1,0,27,,,,,,,,,,,,,66.667,1.0,0.0,0.0,0.0,40.0,,,,,,
3c8a55dd-20a8-4375-b711-49eb5e6e1d0e 2017 0d855753-ea21-4953-89f9-0e20aff9eb73,Taysom Hill,Saints,2017,QB,5,0,27,,,,,,,,,,,,,,,,,,,,,,,,
3c8a55dd-20a8-4375-b711-49eb5e6e1d0e 2018 0d855753-ea21-4953-89f9-0e20aff9eb73,Taysom Hill,Saints,2018,QB,16,4,28,3.0,0.0,0.0,4.0,1.0,1.0,37.0,5.2970000000000015,13.0,2.0,2.0,196.0,42.857,0.0,1.0,2.0,0.0,64.0,,,,,,
6608fdbf-6c93-47cc-ad44-9da2fda598ce 2017 f0e724b0-4cbf-495a-be47-013907608da9,C.J. Beathard,49ers,2017,QB,7,5,24,,,,,3.0,2.0,26.0,5.231,2.0,12.0,3.0,136.0,54.911,30.0,6.0,8.0,4.0,1430.0,,,,,,
6608fdbf-6c93-47cc-ad44-9da2fda598ce 2018 f0e724b0-4cbf-495a-be47-013907608da9,C.J. Beathard,49ers,2018,QB,6,5,25,,,,,5.0,3.0,19.0,3.632,1.0,11.0,1.0,69.0,60.355,10.0,7.0,13.0,8.0,1252.0,,,,,,
3069db07-aa43-4503-ab11-2ae5c0002721 2018 768c92aa-75ff-4a43-bcc0-f2798c2e1724,Josh Allen,Bills,2018,QB,12,11,22,0.0,1.0,0.0,0.0,8.0,2.0,89.0,7.09,12.0,46.0,8.0,631.0,52.812,54.0,12.0,15.0,10.0,2074.0,,,,,,
b88e39e6-3247-4f85-9909-c18d373eaeee 2018 4809ecb0-abd3-451d-9c4a-92a90b83ca06,Luke Falk,Dolphins,2018,QB,0,0,24,,,,,,,,,,,,,,,,,,,,,,,,
13d826c5-9b22-4e0a-a877-02d8c84c546b 2018 5fee86ae-74ab-4bdd-8416-42a9dd9964f3,Sam Darnold,Jets,2018,QB,13,13,21,,,,,5.0,2.0,44.0,3.136,8.0,15.0,1.0,138.0,57.729,69.0,15.0,19.0,17.0,2865.0,,,,,,
e2104140-4ce0-42a8-8b00-346b4a9258b2 2018 97354895-8c77-4fd4-a860-32e62ea7382a,Danny Etling,Patriots,2018,QB,0,0,24,,,,,,,,,,,,,,,,,,,,,,,,
30198d30-9769-4e10-ac86-b4c91d940802 2018 d5a2eb42-8065-4174-ab79-0a6fa820e35e,Baker Mayfield,Browns,2018,QB,14,13,23,0.0,0.0,0.0,0.0,7.0,3.0,39.0,3.359,3.0,17.0,0.0,131.0,63.786,84.0,14.0,33.0,27.0,3725.0,,,,,,
e06a9c07-453a-4bb0-a7e9-2c3a64166dad 2018 ebd87119-b331-4469-9ea6-d51fe3ce2f1c,Lamar Jackson,Ravens,2018,QB,16,7,21,0.0,0.0,0.0,0.0,12.0,4.0,147.0,4.728,18.0,19.0,5.0,695.0,58.235,33.0,3.0,10.0,6.0,1201.0,,,,,,
be4ca0ad-f3d6-4b98-a37f-79d0cbc06390 2018 cb2f9f1f-ac67-424e-9e72-1475cb0ed398,Mason Rudolph,Steelers,2018,QB,0,0,23,,,,,,,,,,,,,,,,,,,,,,,,
0666e6c6-42d9-40ab-83bd-7bbf81e9ac9c 2018 82cf9565-6eb9-4f01-bdbd-5aa0d472fcd9,Phillip Walker,Colts,2018,QB,0,0,23,,,,,,,,,,,,,,,,,,,,,,,,
ca457f6a-eb43-418a-97a7-4f4304dc5875 2018 f7ddd7fa-0bae-4f90-bc8e-669e4d6cf2de,Tanner Lee,Jaguars,2018,QB,0,0,23,,,,,,,,,,,,,,,,,,,,,,,,
878d95f5-22d9-4f20-a3ec-2b5b117a8c5c 2018 ce92bd47-93d5-4fe9-ada4-0fc681e6caa0,Chad Kelly,Broncos,2018,QB,1,0,24,,,,,,,1.0,-1.0,0.0,0.0,0.0,-1.0,,,,,,,,,,,,
f4808328-86e9-459d-a2bc-18e90c7d211e 2018 e627eec7-bbae-4fa4-8e73-8e1d6bc5c060,Mike White,Cowboys,2018,QB,0,0,23,,,,,,,,,,,,,,,,,,,,,,,,
d11ad65e-9d24-4157-9f5b-ef8495bcc791 2018 04aa1c9d-66da-489d-b16a-1dee3f2eec4d,Kyle Lauletta,Giants,2018,QB,2,0,23,,,,,,,1.0,-2.0,0.0,0.0,0.0,-2.0,0.0,0.0,1.0,0.0,0.0,0.0,,,,,,
d897b70f-29d9-477e-a72a-c9bfbadb70d3 2018 a20471b4-a8d9-40c7-95ad-90cc30e46932,Tim Boyle,Packers,2018,QB,0,0,24,,,,,,,,,,,,,,,,,,,,,,,,
d2023f5b-f73b-43ad-a816-f10dadfdfaed 2018 f14bf5cc-9a82-4a38-bc15-d39f75ed5314,Kyle Allen,Panthers,2018,QB,2,1,22,,,,,,,5.0,3.8,1.0,3.0,1.0,19.0,64.516,3.0,0.0,3.0,2.0,266.0,,,,,,
7738fea8-7ea2-4c4c-b589-bca90b070819 2018 f0e724b0-4cbf-495a-be47-013907608da9,Nick Mullens,49ers,2018,QB,8,8,23,,,,,2.0,0.0,18.0,-0.889,1.0,1.0,0.0,-16.0,64.234,32.0,10.0,22.0,13.0,2277.0,,,,,,
5c079a21-ae9e-4b38-a69a-47706fa8dd67 2018 de760528-1dc0-416a-a978-b510d20692ff,Josh Rosen,Cardinals,2018,QB,14,13,21,,,,,10.0,5.0,23.0,6.0,0.0,14.0,0.0,138.0,55.216,39.0,14.0,18.0,11.0,2278.0,,,,,,
e187574f-622f-4477-a61a-edec81adff2f 2018 de760528-1dc0-416a-a978-b510d20692ff,Charles Kanoff,Cardinals,2018,QB,0,0,24,,,,,,,,,,,,,,,,,,,,,,,,
