,Player Season,Player ID,Team ID,Converse Defense Attempts,Converse Defense Success,Converse Pass Attempts,Converse Pass Success,Converse Rec Attempts,Converse Rec Success,Converse Rush Attempts,Converse Rush Success,Converse Turnover Success
0,2012,5812204c-6dae-4450-8011-99e0f72864ac,4809ecb0-abd3-451d-9c4a-92a90b83ca06,0,0,2,2,0,0,0,0,0
1,2012,e6c40f79-1bbd-4f62-9391-7f535f110c0d,5fee86ae-74ab-4bdd-8416-42a9dd9964f3,0,0,1,0,0,0,0,0,0
2,2012,2142a164-48ad-47d6-bb27-0bc58c6b2e62,97354895-8c77-4fd4-a860-32e62ea7382a,0,0,0,0,1,0,0,0,0
3,2012,41c44740-d0f6-44ab-8347-3b5d515e5ecf,97354895-8c77-4fd4-a860-32e62ea7382a,0,0,1,0,0,0,0,0,0
4,2012,3699dfd9-d437-43f7-b674-adbb31e7e64b,d5a2eb42-8065-4174-ab79-0a6fa820e35e,0,0,0,0,0,0,1,0,0
5,2012,64797df2-efd3-4b27-86ee-1d48f7edb09f,ebd87119-b331-4469-9ea6-d51fe3ce2f1c,0,0,1,1,0,0,0,0,0
6,2012,ea357add-1a41-4a8b-8f34-bbfade7f4d98,cb2f9f1f-ac67-424e-9e72-1475cb0ed398,0,0,2,1,0,0,0,0,0
7,2012,e3181493-6a2a-4e95-aa6f-3fc1ddeb7512,82cf9565-6eb9-4f01-bdbd-5aa0d472fcd9,0,0,1,0,0,0,0,0,0
8,2012,de816e24-8442-49a4-99cd-dde7e7c05863,f7ddd7fa-0bae-4f90-bc8e-669e4d6cf2de,0,0,4,2,0,0,0,0,0
9,2012,f55053e4-4bfd-495d-981a-d62e3662f01b,f7ddd7fa-0bae-4f90-bc8e-669e4d6cf2de,0,0,1,0,0,0,0,0,0
10,2012,d2cad5f8-b35f-4cf4-9567-57c387ba6225,1c1cec48-6352-4556-b789-35304c1a6ae1,0,0,0,0,1,1,0,0,0
11,2012,5ed2cea8-e0c6-482c-9ee1-548c06612226,e627eec7-bbae-4fa4-8e73-8e1d6bc5c060,0,0,0,0,1,1,0,0,0
12,2012,b25ba2bd-80bd-4295-9034-cf9242fb207b,386bdbf9-9eea-4869-bb9a-274b0bc66e80,0,0,0,0,1,0,0,0,0
13,2012,c8232b55-6617-4dd9-a7cf-cf14cd9a29ab,386bdbf9-9eea-4869-bb9a-274b0bc66e80,0,0,3,0,0,0,0,0,0
14,2012,bbd0942c-6f77-4f83-a6d0-66ec6548019e,22052ff7-c065-42ee-bc8f-c4691c50e624,0,0,0,0,0,0,1,1,0
15,2012,bbca096b-fd15-498a-86c2-feb44737363f,7b112545-38e6-483c-a55c-96cf6ee49cb8,0,0,0,0,1,0,0,0,0
16,2012,ade43b1a-0601-4672-83b6-d246bc066a19,c5a59daa-53a7-4de0-851f-fb12be893e9e,0,0,1,1,0,0,0,0,0
17,2012,0ce48193-e2fa-466e-a986-33f751add206,a20471b4-a8d9-40c7-95ad-90cc30e46932,0,0,3,1,0,0,0,0,0
18,2012,9f2aebe4-b654-4f0e-a437-ec46f20b6bfe,a20471b4-a8d9-40c7-95ad-90cc30e46932,0,0,0,0,1,1,0,0,0
19,2012,1059e9dc-97df-4643-9116-883a0573d8b1,33405046-04ee-4058-a950-d606f8c30852,0,0,0,0,1,1,0,0,0
20,2012,ab58c0ac-a747-47e6-9b3c-505e41d2bd3d,33405046-04ee-4058-a950-d606f8c30852,0,0,0,0,0,0,1,1,0
21,2012,7e648a0b-fdc8-4661-a587-5826f2cac11b,e6aa13a4-0055-48a9-bc41-be28dc106929,0,0,1,0,0,0,0,0,0
22,2012,15b156b5-30cc-4070-b60a-1c09e62c5a9b,0d855753-ea21-4953-89f9-0e20aff9eb73,0,0,0,0,0,0,1,1,0
23,2013,618bedee-9259-4536-b0ff-fec98d2a20de,768c92aa-75ff-4a43-bcc0-f2798c2e1724,0,0,0,0,1,1,0,0,0
24,2013,5812204c-6dae-4450-8011-99e0f72864ac,4809ecb0-abd3-451d-9c4a-92a90b83ca06,0,0,1,0,0,0,0,0,0
25,2013,b37b5be9-4771-4368-988f-fb936f4fc0ad,4809ecb0-abd3-451d-9c4a-92a90b83ca06,0,0,0,0,1,0,0,0,0
26,2013,2bb70d56-a79a-4fa1-ae37-99858a3ffd55,97354895-8c77-4fd4-a860-32e62ea7382a,0,0,0,0,2,2,0,0,0
27,2013,41c44740-d0f6-44ab-8347-3b5d515e5ecf,97354895-8c77-4fd4-a860-32e62ea7382a,0,0,2,2,0,0,0,0,0
28,2013,14ecf9dd-3a77-4847-8e62-407cd1182f1c,ad4ae08f-d808-42d5-a1e6-e9bc4e34d123,0,0,0,0,1,0,0,0,0
29,2013,d2a0e5af-3850-4f16-8e40-a0b1d15c2ce1,ad4ae08f-d808-42d5-a1e6-e9bc4e34d123,0,0,1,0,0,0,0,0,0
30,2013,01291a8d-d97c-4d88-b497-b5ad4b72f626,d5a2eb42-8065-4174-ab79-0a6fa820e35e,0,0,1,1,0,0,0,0,0
31,2013,64797df2-efd3-4b27-86ee-1d48f7edb09f,ebd87119-b331-4469-9ea6-d51fe3ce2f1c,0,0,2,2,0,0,0,0,0
32,2013,a735765c-3ca8-4557-b06e-a30fd415982c,ebd87119-b331-4469-9ea6-d51fe3ce2f1c,0,0,0,0,1,1,0,0,0
33,2013,ea357add-1a41-4a8b-8f34-bbfade7f4d98,cb2f9f1f-ac67-424e-9e72-1475cb0ed398,0,0,1,0,0,0,0,0,0
34,2013,fd4e8681-f2f4-47c7-b954-a72be9b1ca00,cb2f9f1f-ac67-424e-9e72-1475cb0ed398,0,0,0,0,1,0,1,1,0
35,2013,c456e060-d4d8-46cb-acf4-296edfb4f7bd,82cf9565-6eb9-4f01-bdbd-5aa0d472fcd9,0,0,0,0,2,1,0,0,0
36,2013,e3181493-6a2a-4e95-aa6f-3fc1ddeb7512,82cf9565-6eb9-4f01-bdbd-5aa0d472fcd9,0,0,6,4,0,0,0,0,0
37,2013,f55053e4-4bfd-495d-981a-d62e3662f01b,f7ddd7fa-0bae-4f90-bc8e-669e4d6cf2de,0,0,2,0,0,0,0,0,0
38,2013,6e444737-a1e1-4ddd-b963-cd6a9496fde0,ce92bd47-93d5-4fe9-ada4-0fc681e6caa0,0,0,0,0,1,0,0,0,0
39,2013,3c2db5b7-77bf-4c52-bb77-b0fe3cf89e5e,e627eec7-bbae-4fa4-8e73-8e1d6bc5c060,0,0,0,0,1,1,0,0,0
40,2013,166292fc-629e-4c7b-b7bf-f572ca9eeb43,386bdbf9-9eea-4869-bb9a-274b0bc66e80,0,0,0,0,1,0,0,0,0
41,2013,3e618eb6-41f2-4f20-ad70-2460f9366f43,386bdbf9-9eea-4869-bb9a-274b0bc66e80,0,0,0,0,1,0,0,0,0
42,2013,c8232b55-6617-4dd9-a7cf-cf14cd9a29ab,386bdbf9-9eea-4869-bb9a-274b0bc66e80,0,0,5,2,0,0,0,0,0
43,2013,de3421f7-2147-4835-89a5-724e87bad463,386bdbf9-9eea-4869-bb9a-274b0bc66e80,0,0,0,0,0,0,1,0,0
44,2013,8dfb370d-460c-4bfc-9d62-888687248783,22052ff7-c065-42ee-bc8f-c4691c50e624,0,0,3,1,0,0,1,1,0
45,2013,a824d9ff-12a4-4ed2-812d-404b0b4e52f9,22052ff7-c065-42ee-bc8f-c4691c50e624,0,0,0,0,1,0,0,0,0
46,2013,b030b668-0f41-484f-8e94-9fc576b8af63,22052ff7-c065-42ee-bc8f-c4691c50e624,0,0,0,0,1,0,0,0,0
47,2013,bbd0942c-6f77-4f83-a6d0-66ec6548019e,22052ff7-c065-42ee-bc8f-c4691c50e624,0,0,1,0,0,0,0,0,0
48,2013,c3bf8d3e-3b2e-4f9e-ad74-c0a684035f17,22052ff7-c065-42ee-bc8f-c4691c50e624,0,0,0,0,1,0,0,0,0
49,2013,c87f0526-a85d-439d-a447-070c66ede612,22052ff7-c065-42ee-bc8f-c4691c50e624,0,0,0,0,1,1,0,0,0
50,2013,5c529c33-8a1d-413a-b635-880ac86f30c1,7b112545-38e6-483c-a55c-96cf6ee49cb8,0,0,0,0,1,1,0,0,0
51,2013,a261fd0a-b096-4db7-bd51-2f13bde485da,7b112545-38e6-483c-a55c-96cf6ee49cb8,0,0,1,1,0,0,0,0,0
52,2013,bbca096b-fd15-498a-86c2-feb44737363f,7b112545-38e6-483c-a55c-96cf6ee49cb8,0,0,0,0,2,2,0,0,0
53,2013,ade43b1a-0601-4672-83b6-d246bc066a19,c5a59daa-53a7-4de0-851f-fb12be893e9e,0,0,5,2,0,0,0,0,0
54,2013,0ce48193-e2fa-466e-a986-33f751add206,a20471b4-a8d9-40c7-95ad-90cc30e46932,0,0,1,0,0,0,0,0,0
55,2013,8263e101-aa33-435f-bf0f-388e1c4eeb59,33405046-04ee-4058-a950-d606f8c30852,0,0,1,0,0,0,0,0,0
56,2013,471dbe81-54c4-4b52-8bd1-4933c9800e1f,de760528-1dc0-416a-a978-b510d20692ff,0,0,0,0,2,0,0,0,0
57,2013,b6a61b38-5cfa-46eb-b1c5-b0255d7ebaf5,de760528-1dc0-416a-a978-b510d20692ff,0,0,0,0,1,0,0,0,0
58,2013,409d4cac-ee90-4470-9710-ebe671678339,3d08af9e-c767-4f88-a7dc-b920c6d2b4a8,0,0,1,0,0,0,0,0,0
59,2013,e1b29179-074b-4c91-8797-763b76ac618a,3d08af9e-c767-4f88-a7dc-b920c6d2b4a8,0,0,0,0,1,0,0,0,0
60,2014,618bedee-9259-4536-b0ff-fec98d2a20de,768c92aa-75ff-4a43-bcc0-f2798c2e1724,0,0,0,0,1,1,0,0,0
61,2014,769d7178-df4e-4127-8166-8116165921e8,5fee86ae-74ab-4bdd-8416-42a9dd9964f3,0,0,0,0,2,0,0,0,0
62,2014,cfc93f5e-105e-4a5e-88d3-f4279893cfa8,5fee86ae-74ab-4bdd-8416-42a9dd9964f3,0,0,3,0,0,0,0,0,0
63,2014,2bb70d56-a79a-4fa1-ae37-99858a3ffd55,97354895-8c77-4fd4-a860-32e62ea7382a,0,0,0,0,1,0,0,0,0
64,2014,41c44740-d0f6-44ab-8347-3b5d515e5ecf,97354895-8c77-4fd4-a860-32e62ea7382a,0,0,1,0,0,0,0,0,0
65,2014,1726a359-9444-4761-a1f2-cb35ee6fa60e,ad4ae08f-d808-42d5-a1e6-e9bc4e34d123,0,0,0,0,1,1,0,0,0
66,2014,d2a0e5af-3850-4f16-8e40-a0b1d15c2ce1,ad4ae08f-d808-42d5-a1e6-e9bc4e34d123,0,0,1,1,0,0,0,0,0
67,2014,af4ba620-2f00-4b00-9111-7897f2b1cde8,d5a2eb42-8065-4174-ab79-0a6fa820e35e,0,0,1,0,0,0,0,0,0
68,2014,64797df2-efd3-4b27-86ee-1d48f7edb09f,ebd87119-b331-4469-9ea6-d51fe3ce2f1c,0,0,1,0,0,0,0,0,0
69,2014,16e33176-b73e-49b7-b0aa-c405b47a706e,cb2f9f1f-ac67-424e-9e72-1475cb0ed398,0,0,0,0,1,1,0,0,0
70,2014,ea357add-1a41-4a8b-8f34-bbfade7f4d98,cb2f9f1f-ac67-424e-9e72-1475cb0ed398,0,0,3,3,0,0,0,0,0
71,2014,b8426cea-f8b9-4061-8d56-e70d1230103e,82cf9565-6eb9-4f01-bdbd-5aa0d472fcd9,0,0,0,0,0,0,1,0,0
72,2014,e3181493-6a2a-4e95-aa6f-3fc1ddeb7512,82cf9565-6eb9-4f01-bdbd-5aa0d472fcd9,0,0,2,0,0,0,0,0,0
73,2014,0fd32417-8410-4a8f-8919-386c433bca43,f7ddd7fa-0bae-4f90-bc8e-669e4d6cf2de,0,0,0,0,1,1,0,0,0
74,2014,4c3c6b63-aa1f-4452-9d1d-662073f06142,f7ddd7fa-0bae-4f90-bc8e-669e4d6cf2de,0,0,0,0,1,0,0,0,0
75,2014,6723249c-5fb5-4b0a-9373-cb59cdc99ec8,f7ddd7fa-0bae-4f90-bc8e-669e4d6cf2de,0,0,4,1,0,0,0,0,0
76,2014,9c21e9af-681c-41ef-9b00-fbc9e1668ed1,f7ddd7fa-0bae-4f90-bc8e-669e4d6cf2de,0,0,0,0,1,0,0,0,0
77,2014,6e444737-a1e1-4ddd-b963-cd6a9496fde0,ce92bd47-93d5-4fe9-ada4-0fc681e6caa0,0,0,0,0,1,1,0,0,0
78,2014,fd4e8681-f2f4-47c7-b954-a72be9b1ca00,ce92bd47-93d5-4fe9-ada4-0fc681e6caa0,0,0,0,0,1,1,0,0,0
79,2014,2fda010a-8c62-4c07-b601-4ba03f57e6af,6680d28d-d4d2-49f6-aace-5292d3ec02c2,0,0,2,0,0,0,0,0,0
80,2014,8dfb370d-460c-4bfc-9d62-888687248783,22052ff7-c065-42ee-bc8f-c4691c50e624,0,0,0,0,0,0,1,0,0
81,2014,ade43b1a-0601-4672-83b6-d246bc066a19,c5a59daa-53a7-4de0-851f-fb12be893e9e,0,0,2,1,0,0,0,0,0
82,2014,c88d9352-b835-45ed-a909-1cfec09a58bc,c5a59daa-53a7-4de0-851f-fb12be893e9e,0,0,0,0,1,0,0,0,0
83,2014,0ce48193-e2fa-466e-a986-33f751add206,a20471b4-a8d9-40c7-95ad-90cc30e46932,0,0,2,1,0,0,0,0,0
84,2014,3283f152-d373-43b3-b88f-f6f261c48e81,a20471b4-a8d9-40c7-95ad-90cc30e46932,0,0,0,0,1,1,0,0,0
85,2014,cccc9f16-9508-434f-b7a4-9a29cb0cacf9,33405046-04ee-4058-a950-d606f8c30852,0,0,0,0,1,1,0,0,0
86,2014,d4cb52a9-f6b4-42ed-b40b-27bff5f1eea7,33405046-04ee-4058-a950-d606f8c30852,0,0,2,2,0,0,0,0,0
87,2014,7e648a0b-fdc8-4661-a587-5826f2cac11b,e6aa13a4-0055-48a9-bc41-be28dc106929,0,0,1,1,0,0,0,0,0
88,2014,91a95850-9514-49d5-b2b0-f8e21156daa0,e6aa13a4-0055-48a9-bc41-be28dc106929,0,0,0,0,0,0,1,0,0
89,2014,214e55e4-a089-412d-9598-a16495df0d25,f14bf5cc-9a82-4a38-bc15-d39f75ed5314,0,0,1,1,0,0,0,0,0
90,2014,2ef5aed5-9859-4102-8bf4-99d6a6ae22ba,f14bf5cc-9a82-4a38-bc15-d39f75ed5314,0,0,0,0,1,0,0,0,0
91,2014,72fbe462-91c5-4c84-9640-e8ad7cad6447,f14bf5cc-9a82-4a38-bc15-d39f75ed5314,0,0,1,0,0,0,0,0,0
92,2014,bb5957e6-ce7d-47ab-8036-22191ffc1c44,0d855753-ea21-4953-89f9-0e20aff9eb73,0,0,1,0,0,0,0,0,0
93,2014,d81844de-54c3-42ee-9850-072dc4131b6f,0d855753-ea21-4953-89f9-0e20aff9eb73,0,0,0,0,1,0,0,0,0
94,2014,22fb2b54-4936-4e8a-a48d-62096c0c9bb1,de760528-1dc0-416a-a978-b510d20692ff,0,0,1,1,0,0,0,0,0
95,2014,b6a61b38-5cfa-46eb-b1c5-b0255d7ebaf5,de760528-1dc0-416a-a978-b510d20692ff,0,0,0,0,1,0,0,0,0
96,2014,409d4cac-ee90-4470-9710-ebe671678339,3d08af9e-c767-4f88-a7dc-b920c6d2b4a8,0,0,1,0,0,0,0,0,0
97,2014,7e5b8212-df93-4069-b3f0-be4b5cb47389,3d08af9e-c767-4f88-a7dc-b920c6d2b4a8,0,0,0,0,1,0,0,0,0
98,2015,166292fc-629e-4c7b-b7bf-f572ca9eeb43,768c92aa-75ff-4a43-bcc0-f2798c2e1724,0,0,0,0,0,0,1,1,0
99,2015,7f3ef024-eb34-46af-8b9e-544cdf09378f,768c92aa-75ff-4a43-bcc0-f2798c2e1724,0,0,2,0,0,0,1,1,0
100,2015,06e41dc1-d5dc-4bdc-8fc3-e0d7c3a99ac4,4809ecb0-abd3-451d-9c4a-92a90b83ca06,0,0,0,0,1,1,0,0,0
101,2015,5812204c-6dae-4450-8011-99e0f72864ac,4809ecb0-abd3-451d-9c4a-92a90b83ca06,0,0,2,1,0,0,0,0,0
102,2015,bb78a66a-a8ec-4294-8858-c7e5a1d15106,4809ecb0-abd3-451d-9c4a-92a90b83ca06,0,0,0,0,0,0,1,1,0
103,2015,e9ee9209-dd8f-4e4a-be3c-407756a2749c,4809ecb0-abd3-451d-9c4a-92a90b83ca06,0,0,0,0,1,0,0,0,0
104,2015,59fc3367-5514-4616-a93c-06e4365b2293,ad4ae08f-d808-42d5-a1e6-e9bc4e34d123,0,0,0,0,0,0,1,1,0
105,2015,4b3677f5-712e-43f2-b7bb-51ac6f291b86,d5a2eb42-8065-4174-ab79-0a6fa820e35e,0,0,0,0,1,1,0,0,0
106,2015,4f0053fc-5559-4551-bd81-dcd1cdf3a9ec,d5a2eb42-8065-4174-ab79-0a6fa820e35e,0,0,0,0,2,0,0,0,0
107,2015,a261fd0a-b096-4db7-bd51-2f13bde485da,d5a2eb42-8065-4174-ab79-0a6fa820e35e,0,0,4,2,0,0,0,0,0
108,2015,1f09583f-dcc1-43e8-a7fc-f063d2c96508,ebd87119-b331-4469-9ea6-d51fe3ce2f1c,0,0,0,0,0,0,1,0,0
109,2015,3058b3c8-0fa3-4bd4-9df9-6a56a7b4af88,ebd87119-b331-4469-9ea6-d51fe3ce2f1c,0,0,0,0,1,0,0,0,0
110,2015,64797df2-efd3-4b27-86ee-1d48f7edb09f,ebd87119-b331-4469-9ea6-d51fe3ce2f1c,0,0,3,1,0,0,0,0,0
111,2015,9480dd9f-151f-4e6d-b5a3-35f07bda4cac,ebd87119-b331-4469-9ea6-d51fe3ce2f1c,0,0,0,0,1,1,0,0,0
112,2015,16e33176-b73e-49b7-b0aa-c405b47a706e,cb2f9f1f-ac67-424e-9e72-1475cb0ed398,0,0,0,0,4,2,0,0,0
113,2015,a37a5bfd-b48c-4d8b-817a-d8ce7ca3592d,cb2f9f1f-ac67-424e-9e72-1475cb0ed398,0,0,0,0,1,1,0,0,0
114,2015,c456e060-d4d8-46cb-acf4-296edfb4f7bd,cb2f9f1f-ac67-424e-9e72-1475cb0ed398,0,0,0,0,1,0,0,0,0
115,2015,d4dd3d0b-5023-415d-ad15-94f294c561b1,cb2f9f1f-ac67-424e-9e72-1475cb0ed398,0,0,1,0,0,0,0,0,0
116,2015,ea357add-1a41-4a8b-8f34-bbfade7f4d98,cb2f9f1f-ac67-424e-9e72-1475cb0ed398,0,0,10,8,0,0,0,0,0
117,2015,f9036897-99d5-4d9a-8965-0c7e0f9e43bd,cb2f9f1f-ac67-424e-9e72-1475cb0ed398,0,0,0,0,1,1,0,0,0
118,2015,e3181493-6a2a-4e95-aa6f-3fc1ddeb7512,82cf9565-6eb9-4f01-bdbd-5aa0d472fcd9,0,0,2,1,0,0,0,0,0
119,2015,10952a8e-9da1-447b-a016-c699db00c5f0,f7ddd7fa-0bae-4f90-bc8e-669e4d6cf2de,0,0,0,0,1,0,0,0,0
120,2015,6723249c-5fb5-4b0a-9373-cb59cdc99ec8,f7ddd7fa-0bae-4f90-bc8e-669e4d6cf2de,0,0,5,1,0,0,0,0,0
121,2015,73d6cb8a-3d72-4a6a-b3c9-fe61dfd1bd41,f7ddd7fa-0bae-4f90-bc8e-669e4d6cf2de,0,0,0,0,1,0,0,0,0
122,2015,5c48ade7-4b9a-4757-9643-87a6e3839e2b,82d2d380-3834-4938-835f-aec541e5ece7,0,0,0,0,1,1,0,0,0
123,2015,af4ba620-2f00-4b00-9111-7897f2b1cde8,82d2d380-3834-4938-835f-aec541e5ece7,0,0,1,0,0,0,0,0,0
124,2015,0f062def-77f5-4362-86cb-4bdb63a59eba,d26a1ca5-722d-4274-8f97-c92e49c96315,0,0,0,0,0,0,1,0,0
125,2015,7c16c04c-04de-41f3-ac16-ad6a9435e3f7,d26a1ca5-722d-4274-8f97-c92e49c96315,0,0,3,3,0,0,0,0,0
126,2015,ccce5e8e-52ca-4f0f-a40f-fe5e7227d156,d26a1ca5-722d-4274-8f97-c92e49c96315,0,0,0,0,1,1,0,0,0
127,2015,0847010c-9a77-4f0b-9d63-c8b4b224d263,ce92bd47-93d5-4fe9-ada4-0fc681e6caa0,0,0,0,0,0,0,1,0,0
128,2015,2fda010a-8c62-4c07-b601-4ba03f57e6af,6680d28d-d4d2-49f6-aace-5292d3ec02c2,0,0,3,2,0,0,0,0,0
129,2015,c3859e06-5f23-4302-a71b-04820a899d5f,6680d28d-d4d2-49f6-aace-5292d3ec02c2,0,0,0,0,2,2,0,0,0
130,2015,e033ce15-9fc5-430b-90e2-90dfe52b21c1,6680d28d-d4d2-49f6-aace-5292d3ec02c2,0,0,0,0,1,0,0,0,0
131,2015,27e60657-f73d-4125-906d-aa72cc3477dc,1c1cec48-6352-4556-b789-35304c1a6ae1,0,0,0,0,1,1,0,0,0
132,2015,2e56cca7-b898-4aac-bbc5-b5bda9163be1,1c1cec48-6352-4556-b789-35304c1a6ae1,0,0,0,0,1,0,0,0,0
133,2015,9f026fc0-4449-4dc5-a226-2e2830619381,1c1cec48-6352-4556-b789-35304c1a6ae1,0,0,2,1,0,0,0,0,0
134,2015,d2cad5f8-b35f-4cf4-9567-57c387ba6225,1c1cec48-6352-4556-b789-35304c1a6ae1,0,0,0,0,1,0,0,0,0
135,2015,8263e101-aa33-435f-bf0f-388e1c4eeb59,e627eec7-bbae-4fa4-8e73-8e1d6bc5c060,0,0,1,1,0,0,0,0,0
136,2015,8002dd5e-a75a-4d72-9a8c-0f4dbc80d459,22052ff7-c065-42ee-bc8f-c4691c50e624,0,0,0,0,2,2,0,0,0
137,2015,a824d9ff-12a4-4ed2-812d-404b0b4e52f9,22052ff7-c065-42ee-bc8f-c4691c50e624,0,0,0,0,1,0,0,0,0
138,2015,bbd0942c-6f77-4f83-a6d0-66ec6548019e,22052ff7-c065-42ee-bc8f-c4691c50e624,0,0,3,2,0,0,0,0,0
139,2015,6512b90e-d6b3-4719-bb0c-a75f97673f37,7b112545-38e6-483c-a55c-96cf6ee49cb8,0,0,0,0,0,0,2,1,0
140,2015,ade43b1a-0601-4672-83b6-d246bc066a19,c5a59daa-53a7-4de0-851f-fb12be893e9e,0,0,1,0,0,0,0,0,0
141,2015,c88d9352-b835-45ed-a909-1cfec09a58bc,c5a59daa-53a7-4de0-851f-fb12be893e9e,0,0,0,0,1,0,0,0,0
142,2015,0ce48193-e2fa-466e-a986-33f751add206,a20471b4-a8d9-40c7-95ad-90cc30e46932,0,0,5,4,0,0,1,0,0
143,2015,e00b3426-238b-4bdb-85c3-bbf08b7469e3,a20471b4-a8d9-40c7-95ad-90cc30e46932,0,0,0,0,1,1,0,0,0
144,2015,e7d6ae25-bf15-4660-8b37-c37716551de3,a20471b4-a8d9-40c7-95ad-90cc30e46932,0,0,0,0,2,1,0,0,0
145,2015,d4cb52a9-f6b4-42ed-b40b-27bff5f1eea7,33405046-04ee-4058-a950-d606f8c30852,0,0,0,0,0,0,1,1,0
146,2015,6195ddc9-ab2b-469a-b824-a890736d6db7,4254d319-1bc7-4f81-b4ab-b5e6f3402b69,0,0,0,0,1,0,0,0,0
147,2015,d6d41a89-a8af-48b9-bf75-561de99a1d87,4254d319-1bc7-4f81-b4ab-b5e6f3402b69,0,0,0,0,1,0,0,0,0
148,2015,fb3b36fc-b985-4807-8199-d038d7e62a93,4254d319-1bc7-4f81-b4ab-b5e6f3402b69,0,0,3,1,0,0,0,0,0
149,2015,67d56171-7522-430c-b7d9-8f7e2b6624d3,e6aa13a4-0055-48a9-bc41-be28dc106929,0,0,0,0,1,1,0,0,0
150,2015,7e648a0b-fdc8-4661-a587-5826f2cac11b,e6aa13a4-0055-48a9-bc41-be28dc106929,0,0,2,1,0,0,0,0,0
151,2015,8482bc94-0eb0-4e92-8f99-ced135f3cd5d,0d855753-ea21-4953-89f9-0e20aff9eb73,0,0,0,0,1,0,0,0,0
152,2015,bb5957e6-ce7d-47ab-8036-22191ffc1c44,0d855753-ea21-4953-89f9-0e20aff9eb73,0,0,1,0,0,0,0,0,0
153,2015,f336567d-44a9-4245-8452-1dd485fd70fb,0d855753-ea21-4953-89f9-0e20aff9eb73,0,0,0,0,0,0,1,1,0
154,2015,a735765c-3ca8-4557-b06e-a30fd415982c,f0e724b0-4cbf-495a-be47-013907608da9,0,0,0,0,1,1,0,0,0
155,2015,409d4cac-ee90-4470-9710-ebe671678339,3d08af9e-c767-4f88-a7dc-b920c6d2b4a8,0,0,3,0,0,0,0,0,0
156,2015,488c3707-26ee-4e1a-8742-494a06f77801,3d08af9e-c767-4f88-a7dc-b920c6d2b4a8,0,0,0,0,0,0,1,0,0
157,2015,7e5b8212-df93-4069-b3f0-be4b5cb47389,3d08af9e-c767-4f88-a7dc-b920c6d2b4a8,0,0,0,0,1,0,0,0,0
158,2015,82bce0be-9a87-4b6d-a85b-623bf8d1674e,3d08af9e-c767-4f88-a7dc-b920c6d2b4a8,0,0,0,0,0,0,1,1,0
159,2015,fd85786d-3900-4dc0-9b30-334ee30413ed,3d08af9e-c767-4f88-a7dc-b920c6d2b4a8,0,0,0,0,1,0,0,0,0
160,2016,166292fc-629e-4c7b-b7bf-f572ca9eeb43,768c92aa-75ff-4a43-bcc0-f2798c2e1724,0,0,0,0,0,0,1,1,0
161,2016,7f3ef024-eb34-46af-8b9e-544cdf09378f,768c92aa-75ff-4a43-bcc0-f2798c2e1724,0,0,1,1,0,0,1,1,0
162,2016,c257b2e6-dfc9-45c8-b30c-a497f2ce82a2,768c92aa-75ff-4a43-bcc0-f2798c2e1724,0,0,0,0,1,1,0,0,0
163,2016,06e41dc1-d5dc-4bdc-8fc3-e0d7c3a99ac4,4809ecb0-abd3-451d-9c4a-92a90b83ca06,0,0,0,0,2,1,0,0,0
164,2016,5812204c-6dae-4450-8011-99e0f72864ac,4809ecb0-abd3-451d-9c4a-92a90b83ca06,0,0,2,1,0,0,0,0,0
165,2016,2bb70d56-a79a-4fa1-ae37-99858a3ffd55,97354895-8c77-4fd4-a860-32e62ea7382a,0,0,0,0,1,1,0,0,0
166,2016,39f70428-a78a-494c-8676-438d953c289e,97354895-8c77-4fd4-a860-32e62ea7382a,0,0,0,0,1,0,0,0,0
167,2016,41c44740-d0f6-44ab-8347-3b5d515e5ecf,97354895-8c77-4fd4-a860-32e62ea7382a,0,0,2,1,0,0,0,0,0
168,2016,573f7acc-376b-4f37-8039-5c4c15c4a508,d5a2eb42-8065-4174-ab79-0a6fa820e35e,0,0,2,1,0,0,0,0,0
169,2016,a261fd0a-b096-4db7-bd51-2f13bde485da,d5a2eb42-8065-4174-ab79-0a6fa820e35e,0,0,1,1,0,0,0,0,0
170,2016,af48c3f0-040b-40f9-95ab-6ebcb4c16cf8,d5a2eb42-8065-4174-ab79-0a6fa820e35e,0,0,0,0,2,1,0,0,0
171,2016,64797df2-efd3-4b27-86ee-1d48f7edb09f,ebd87119-b331-4469-9ea6-d51fe3ce2f1c,0,0,5,4,0,0,0,0,0
172,2016,67da5b5c-0db9-4fbc-b98d-7eb8e97b69f6,ebd87119-b331-4469-9ea6-d51fe3ce2f1c,0,0,0,0,1,1,0,0,0
173,2016,b37b5be9-4771-4368-988f-fb936f4fc0ad,ebd87119-b331-4469-9ea6-d51fe3ce2f1c,0,0,0,0,1,1,0,0,0
174,2016,16e33176-b73e-49b7-b0aa-c405b47a706e,cb2f9f1f-ac67-424e-9e72-1475cb0ed398,0,0,0,0,3,0,0,0,0
175,2016,a37a5bfd-b48c-4d8b-817a-d8ce7ca3592d,cb2f9f1f-ac67-424e-9e72-1475cb0ed398,0,0,0,0,1,0,0,0,0
176,2016,ea357add-1a41-4a8b-8f34-bbfade7f4d98,cb2f9f1f-ac67-424e-9e72-1475cb0ed398,0,0,9,3,0,0,0,0,0
177,2016,f9036897-99d5-4d9a-8965-0c7e0f9e43bd,cb2f9f1f-ac67-424e-9e72-1475cb0ed398,0,0,0,0,1,1,0,0,0
178,2016,b8426cea-f8b9-4061-8d56-e70d1230103e,82cf9565-6eb9-4f01-bdbd-5aa0d472fcd9,0,0,0,0,2,1,0,0,0
179,2016,cc745cc3-d52a-454b-98c8-ac9155a9405c,82cf9565-6eb9-4f01-bdbd-5aa0d472fcd9,0,0,0,0,1,1,0,0,0
180,2016,e3181493-6a2a-4e95-aa6f-3fc1ddeb7512,82cf9565-6eb9-4f01-bdbd-5aa0d472fcd9,0,0,3,2,0,0,0,0,0
181,2016,0fd32417-8410-4a8f-8919-386c433bca43,f7ddd7fa-0bae-4f90-bc8e-669e4d6cf2de,0,0,0,0,1,1,0,0,0
182,2016,6723249c-5fb5-4b0a-9373-cb59cdc99ec8,f7ddd7fa-0bae-4f90-bc8e-669e4d6cf2de,0,0,1,1,0,0,1,1,0
183,2016,7c16c04c-04de-41f3-ac16-ad6a9435e3f7,d26a1ca5-722d-4274-8f97-c92e49c96315,0,0,4,0,0,0,0,0,0
184,2016,969a4d68-1d76-4e64-bfff-e898a9ac6bd4,d26a1ca5-722d-4274-8f97-c92e49c96315,0,0,0,0,1,0,0,0,0
185,2016,ecc4f0c1-64e0-46cc-9b58-91c2b215e62a,d26a1ca5-722d-4274-8f97-c92e49c96315,0,0,0,0,1,0,0,0,0
186,2016,6e444737-a1e1-4ddd-b963-cd6a9496fde0,ce92bd47-93d5-4fe9-ada4-0fc681e6caa0,0,0,0,0,1,1,0,0,0
187,2016,e23dc743-ecee-4cf3-a263-69d3da3bae94,ce92bd47-93d5-4fe9-ada4-0fc681e6caa0,0,0,1,1,0,0,1,0,0
188,2016,2fda010a-8c62-4c07-b601-4ba03f57e6af,6680d28d-d4d2-49f6-aace-5292d3ec02c2,0,0,2,2,0,0,0,0,0
189,2016,8506c15c-15cc-4d2c-aebf-270c605fe0ec,6680d28d-d4d2-49f6-aace-5292d3ec02c2,0,0,0,0,1,1,0,0,0
190,2016,c3859e06-5f23-4302-a71b-04820a899d5f,6680d28d-d4d2-49f6-aace-5292d3ec02c2,0,0,0,0,1,1,0,0,0
191,2016,00f88be8-45f9-4237-b2b8-3271ec790d07,1c1cec48-6352-4556-b789-35304c1a6ae1,0,0,0,0,3,2,0,0,0
192,2016,27e60657-f73d-4125-906d-aa72cc3477dc,1c1cec48-6352-4556-b789-35304c1a6ae1,0,0,0,0,2,2,0,0,0
193,2016,9f026fc0-4449-4dc5-a226-2e2830619381,1c1cec48-6352-4556-b789-35304c1a6ae1,0,0,6,5,0,0,0,0,0
194,2016,fe767946-236d-4c04-9c59-5e3edd51acfe,1c1cec48-6352-4556-b789-35304c1a6ae1,0,0,0,0,2,1,0,0,0
195,2016,86197778-8d4b-4eba-affe-08ef7be7c70b,e627eec7-bbae-4fa4-8e73-8e1d6bc5c060,0,0,2,0,0,0,0,0,0
196,2016,7b96a836-666b-47b6-a0a7-9dbb0b4c53e8,386bdbf9-9eea-4869-bb9a-274b0bc66e80,0,0,0,0,2,0,0,0,0
197,2016,cfb0ff68-51cb-4dad-ba81-f9e019a93a91,386bdbf9-9eea-4869-bb9a-274b0bc66e80,0,0,0,0,1,1,0,0,0
198,2016,e9a5c16b-4472-4be9-8030-3f77be7890cb,386bdbf9-9eea-4869-bb9a-274b0bc66e80,0,0,3,1,0,0,1,1,0
199,2016,6cb6226e-f08c-4192-95f1-69709ed686c6,04aa1c9d-66da-489d-b16a-1dee3f2eec4d,0,0,0,0,0,0,1,0,0
200,2016,0366fd06-19a3-4b69-8448-6bfbfad1250b,22052ff7-c065-42ee-bc8f-c4691c50e624,0,0,0,0,0,0,1,0,0
201,2016,bbd0942c-6f77-4f83-a6d0-66ec6548019e,22052ff7-c065-42ee-bc8f-c4691c50e624,0,0,2,0,0,0,1,0,0
202,2016,c3bf8d3e-3b2e-4f9e-ad74-c0a684035f17,22052ff7-c065-42ee-bc8f-c4691c50e624,0,0,0,0,1,0,0,0,0
203,2016,d3fab07b-f02a-433d-9612-cb0a751f324d,22052ff7-c065-42ee-bc8f-c4691c50e624,0,0,0,0,1,0,0,0,0
204,2016,40958157-617f-40b4-91e5-9895f66da29c,c5a59daa-53a7-4de0-851f-fb12be893e9e,0,0,0,0,1,0,0,0,0
205,2016,ade43b1a-0601-4672-83b6-d246bc066a19,c5a59daa-53a7-4de0-851f-fb12be893e9e,0,0,2,1,0,0,0,0,0
206,2016,c88d9352-b835-45ed-a909-1cfec09a58bc,c5a59daa-53a7-4de0-851f-fb12be893e9e,0,0,0,0,1,1,0,0,0
207,2016,0ce48193-e2fa-466e-a986-33f751add206,a20471b4-a8d9-40c7-95ad-90cc30e46932,0,0,2,1,0,0,1,1,0
208,2016,e7d6ae25-bf15-4660-8b37-c37716551de3,a20471b4-a8d9-40c7-95ad-90cc30e46932,0,0,0,0,2,1,0,0,0
209,2016,1059e9dc-97df-4643-9116-883a0573d8b1,33405046-04ee-4058-a950-d606f8c30852,0,0,0,0,1,0,0,0,0
210,2016,cc3640b0-7560-431f-84ab-599e9dc8cac6,33405046-04ee-4058-a950-d606f8c30852,0,0,1,0,0,0,0,0,0
211,2016,c48c21d9-0ae5-478c-ad34-30a660cfa9b8,4254d319-1bc7-4f81-b4ab-b5e6f3402b69,0,0,0,0,2,2,0,0,0
212,2016,d6d41a89-a8af-48b9-bf75-561de99a1d87,4254d319-1bc7-4f81-b4ab-b5e6f3402b69,0,0,0,0,1,1,0,0,0
213,2016,e1235f1e-26ce-438c-8168-3b1ded4ab893,4254d319-1bc7-4f81-b4ab-b5e6f3402b69,0,0,1,1,0,0,0,0,0
214,2016,fb3b36fc-b985-4807-8199-d038d7e62a93,4254d319-1bc7-4f81-b4ab-b5e6f3402b69,0,0,5,3,0,0,1,0,0
215,2016,0b3217b9-ba37-4222-95cb-a7a222441e8b,e6aa13a4-0055-48a9-bc41-be28dc106929,0,0,0,0,1,0,0,0,0
216,2016,1726a359-9444-4761-a1f2-cb35ee6fa60e,e6aa13a4-0055-48a9-bc41-be28dc106929,0,0,0,0,1,1,0,0,0
217,2016,2e50c78f-fa3b-48cf-8531-6eeddc93d88d,e6aa13a4-0055-48a9-bc41-be28dc106929,0,0,0,0,1,0,0,0,0
218,2016,7e648a0b-fdc8-4661-a587-5826f2cac11b,e6aa13a4-0055-48a9-bc41-be28dc106929,0,0,4,1,0,0,2,1,0
219,2016,90c2a93f-d837-4e1b-b57c-56648903a8db,e6aa13a4-0055-48a9-bc41-be28dc106929,0,0,0,0,1,0,0,0,0
220,2016,214e55e4-a089-412d-9598-a16495df0d25,f14bf5cc-9a82-4a38-bc15-d39f75ed5314,0,0,4,1,0,0,1,1,0
221,2016,587d0a98-7ec5-45a5-adba-8af26e8f256b,f14bf5cc-9a82-4a38-bc15-d39f75ed5314,0,0,0,0,3,1,0,0,0
222,2016,72fbe462-91c5-4c84-9640-e8ad7cad6447,f14bf5cc-9a82-4a38-bc15-d39f75ed5314,0,0,1,1,0,0,0,0,0
223,2016,7f5f2a81-ac40-420c-9421-5b9e2a21faf8,f14bf5cc-9a82-4a38-bc15-d39f75ed5314,0,0,0,0,1,1,0,0,0
224,2016,bb5957e6-ce7d-47ab-8036-22191ffc1c44,0d855753-ea21-4953-89f9-0e20aff9eb73,0,0,2,0,0,0,0,0,0
225,2016,f336567d-44a9-4245-8452-1dd485fd70fb,0d855753-ea21-4953-89f9-0e20aff9eb73,0,0,0,0,0,0,3,2,0
226,2016,3a29784c-832f-4e41-a4ac-71d4f9ad410c,f0e724b0-4cbf-495a-be47-013907608da9,0,0,0,0,0,0,1,1,0
227,2016,2c8670ae-0c23-4d20-9d2b-f4c3e25f8938,de760528-1dc0-416a-a978-b510d20692ff,0,0,0,0,1,1,0,0,0
228,2016,471dbe81-54c4-4b52-8bd1-4933c9800e1f,de760528-1dc0-416a-a978-b510d20692ff,0,0,0,0,1,0,0,0,0
229,2016,51952c7b-11c5-4229-baf9-08d4694cc2ad,de760528-1dc0-416a-a978-b510d20692ff,0,0,0,0,1,0,0,0,0
230,2016,617269c1-88b3-45a6-b4a8-b2806a0cdaea,de760528-1dc0-416a-a978-b510d20692ff,0,0,0,0,1,0,0,0,0
231,2016,1b3d350a-478b-4542-a430-d12cc96adc22,2eff2a03-54d4-46ba-890e-2bc3925548f3,0,0,0,0,0,0,1,0,0
232,2016,409d4cac-ee90-4470-9710-ebe671678339,3d08af9e-c767-4f88-a7dc-b920c6d2b4a8,0,0,2,1,0,0,0,0,0
233,2016,e1b29179-074b-4c91-8797-763b76ac618a,3d08af9e-c767-4f88-a7dc-b920c6d2b4a8,0,0,0,0,1,0,0,0,0
234,2017,36007e6e-ca6b-42ee-b9f8-79a9a964f5bc,768c92aa-75ff-4a43-bcc0-f2798c2e1724,0,0,0,0,0,0,1,0,0
235,2017,a0b93053-d349-4dd1-a840-24577102699b,4809ecb0-abd3-451d-9c4a-92a90b83ca06,0,0,0,0,0,0,1,1,0
236,2017,e9ee9209-dd8f-4e4a-be3c-407756a2749c,4809ecb0-abd3-451d-9c4a-92a90b83ca06,0,0,0,0,1,0,0,0,0
237,2017,eab69ec2-9cba-4783-8260-cf99121ed2c8,4809ecb0-abd3-451d-9c4a-92a90b83ca06,0,0,1,0,0,0,0,0,0
238,2017,13ade86a-20c7-48fe-9d18-b3bfc135f5e9,5fee86ae-74ab-4bdd-8416-42a9dd9964f3,0,0,0,0,0,0,1,1,0
239,2017,7e5b8212-df93-4069-b3f0-be4b5cb47389,5fee86ae-74ab-4bdd-8416-42a9dd9964f3,0,0,0,0,1,0,0,0,0
240,2017,a261fd0a-b096-4db7-bd51-2f13bde485da,5fee86ae-74ab-4bdd-8416-42a9dd9964f3,0,0,1,0,0,0,0,0,0
241,2017,e81fb788-1478-4936-ae12-f6ed7ec23476,5fee86ae-74ab-4bdd-8416-42a9dd9964f3,0,0,0,0,1,0,0,0,0
242,2017,2142a164-48ad-47d6-bb27-0bc58c6b2e62,97354895-8c77-4fd4-a860-32e62ea7382a,0,0,0,0,1,1,0,0,0
243,2017,41c44740-d0f6-44ab-8347-3b5d515e5ecf,97354895-8c77-4fd4-a860-32e62ea7382a,0,0,2,2,0,0,0,0,0
244,2017,b6b954eb-4591-4b7a-86b9-a481f15fdd58,97354895-8c77-4fd4-a860-32e62ea7382a,0,0,0,0,1,1,0,0,0
245,2017,40cd928f-f228-4ffd-8179-b27a12e14a44,d5a2eb42-8065-4174-ab79-0a6fa820e35e,0,0,0,0,0,0,1,1,0
246,2017,64797df2-efd3-4b27-86ee-1d48f7edb09f,ebd87119-b331-4469-9ea6-d51fe3ce2f1c,0,0,1,1,0,0,0,0,0
247,2017,9480dd9f-151f-4e6d-b5a3-35f07bda4cac,ebd87119-b331-4469-9ea6-d51fe3ce2f1c,0,0,0,0,1,1,0,0,0
248,2017,d81844de-54c3-42ee-9850-072dc4131b6f,ebd87119-b331-4469-9ea6-d51fe3ce2f1c,0,0,0,0,1,0,0,0,0
249,2017,16e33176-b73e-49b7-b0aa-c405b47a706e,cb2f9f1f-ac67-424e-9e72-1475cb0ed398,0,0,0,0,2,1,0,0,0
250,2017,e9d4ab78-3572-47ab-b4d3-e04c5af231f3,cb2f9f1f-ac67-424e-9e72-1475cb0ed398,0,0,0,0,1,1,0,0,0
251,2017,ea357add-1a41-4a8b-8f34-bbfade7f4d98,cb2f9f1f-ac67-424e-9e72-1475cb0ed398,0,0,3,2,0,0,0,0,0
252,2017,ad2258ab-67f0-41c2-bcf3-f3ba145187dc,82cf9565-6eb9-4f01-bdbd-5aa0d472fcd9,0,0,1,0,0,0,0,0,0
253,2017,bd413539-9351-454e-9d61-4e8635d7e9f5,82cf9565-6eb9-4f01-bdbd-5aa0d472fcd9,0,0,0,0,1,0,0,0,0
254,2017,10952a8e-9da1-447b-a016-c699db00c5f0,f7ddd7fa-0bae-4f90-bc8e-669e4d6cf2de,0,0,0,0,1,0,0,0,0
255,2017,4c3c6b63-aa1f-4452-9d1d-662073f06142,f7ddd7fa-0bae-4f90-bc8e-669e4d6cf2de,0,0,0,0,1,1,0,0,0
256,2017,666e3121-3daa-4413-b1ec-8e728f7cc645,f7ddd7fa-0bae-4f90-bc8e-669e4d6cf2de,0,0,0,0,1,1,0,0,0
257,2017,6723249c-5fb5-4b0a-9373-cb59cdc99ec8,f7ddd7fa-0bae-4f90-bc8e-669e4d6cf2de,0,0,4,3,0,0,0,0,0
258,2017,7f46a7be-286e-4bfe-8778-d03dbe600ce9,f7ddd7fa-0bae-4f90-bc8e-669e4d6cf2de,0,0,0,0,0,0,1,0,0
259,2017,9c21e9af-681c-41ef-9b00-fbc9e1668ed1,f7ddd7fa-0bae-4f90-bc8e-669e4d6cf2de,0,0,0,0,1,1,0,0,0
260,2017,095e0c1a-0bea-4bc6-868f-e4bbe2ce6c30,82d2d380-3834-4938-835f-aec541e5ece7,0,0,0,0,1,0,0,0,0
261,2017,5c48ade7-4b9a-4757-9643-87a6e3839e2b,82d2d380-3834-4938-835f-aec541e5ece7,0,0,0,0,1,0,0,0,0
262,2017,617435c6-4a3f-4689-ab15-44bd93b33615,82d2d380-3834-4938-835f-aec541e5ece7,0,0,0,0,1,0,0,0,0
263,2017,cb1df42c-b59c-4e23-a9a2-fbfc2b39ef71,82d2d380-3834-4938-835f-aec541e5ece7,0,0,0,0,1,1,0,0,0
264,2017,eec5265c-7731-4bb6-8af2-4f98a67f9ab7,82d2d380-3834-4938-835f-aec541e5ece7,0,0,1,1,0,0,1,1,0
265,2017,0847010c-9a77-4f0b-9d63-c8b4b224d263,ce92bd47-93d5-4fe9-ada4-0fc681e6caa0,0,0,2,2,0,0,0,0,0
266,2017,6e444737-a1e1-4ddd-b963-cd6a9496fde0,ce92bd47-93d5-4fe9-ada4-0fc681e6caa0,0,0,0,0,2,0,0,0,0
267,2017,e23dc743-ecee-4cf3-a263-69d3da3bae94,ce92bd47-93d5-4fe9-ada4-0fc681e6caa0,0,0,2,0,0,0,0,0,0
268,2017,f7841baa-9284-4c03-b698-442570651c6c,ce92bd47-93d5-4fe9-ada4-0fc681e6caa0,0,0,0,0,1,1,0,0,0
269,2017,fbb1cc32-4cbd-4089-b8ec-1e7bce8da408,ce92bd47-93d5-4fe9-ada4-0fc681e6caa0,0,0,0,0,1,1,0,0,0
270,2017,82da09c2-e542-4f7d-87d9-24dfd8e014de,1f6dcffb-9823-43cd-9ff4-e7a8466749b5,0,0,0,0,1,0,0,0,0
271,2017,e47706c7-e14d-41fb-b13b-83a835a1f3bc,1f6dcffb-9823-43cd-9ff4-e7a8466749b5,0,0,1,0,0,0,0,0,0
272,2017,2fda010a-8c62-4c07-b601-4ba03f57e6af,6680d28d-d4d2-49f6-aace-5292d3ec02c2,0,0,1,0,0,0,1,0,0
273,2017,8506c15c-15cc-4d2c-aebf-270c605fe0ec,6680d28d-d4d2-49f6-aace-5292d3ec02c2,0,0,0,0,1,0,0,0,0
274,2017,9f026fc0-4449-4dc5-a226-2e2830619381,1c1cec48-6352-4556-b789-35304c1a6ae1,0,0,2,2,0,0,0,0,0
275,2017,fe767946-236d-4c04-9c59-5e3edd51acfe,1c1cec48-6352-4556-b789-35304c1a6ae1,0,0,0,0,2,2,0,0,0
276,2017,26b9c11d-c557-4bef-b990-65498858df47,e627eec7-bbae-4fa4-8e73-8e1d6bc5c060,0,0,0,0,1,0,0,0,0
277,2017,3c2db5b7-77bf-4c52-bb77-b0fe3cf89e5e,e627eec7-bbae-4fa4-8e73-8e1d6bc5c060,0,0,0,0,2,0,0,0,0
278,2017,86197778-8d4b-4eba-affe-08ef7be7c70b,e627eec7-bbae-4fa4-8e73-8e1d6bc5c060,0,0,3,0,0,0,0,0,0
279,2017,5c529c33-8a1d-413a-b635-880ac86f30c1,386bdbf9-9eea-4869-bb9a-274b0bc66e80,0,0,0,0,3,3,0,0,0
280,2017,69568326-f210-4b88-a5cb-10376c64893e,386bdbf9-9eea-4869-bb9a-274b0bc66e80,0,0,0,0,0,0,1,1,0
281,2017,bc0f07a4-3e7b-4e61-987a-05533dc225be,386bdbf9-9eea-4869-bb9a-274b0bc66e80,0,0,0,0,1,1,0,0,0
282,2017,c8232b55-6617-4dd9-a7cf-cf14cd9a29ab,386bdbf9-9eea-4869-bb9a-274b0bc66e80,0,0,0,0,0,0,2,0,0
283,2017,de3421f7-2147-4835-89a5-724e87bad463,386bdbf9-9eea-4869-bb9a-274b0bc66e80,0,0,0,0,1,0,0,0,0
284,2017,e9a5c16b-4472-4be9-8030-3f77be7890cb,386bdbf9-9eea-4869-bb9a-274b0bc66e80,0,0,5,4,0,0,0,0,0
285,2017,f5d20030-d934-45e3-8282-e34c6c83ad84,386bdbf9-9eea-4869-bb9a-274b0bc66e80,0,0,0,0,0,0,1,1,0
286,2017,354dec38-b88b-4ba0-8974-859123f27c45,04aa1c9d-66da-489d-b16a-1dee3f2eec4d,0,0,0,0,2,0,0,0,0
287,2017,6cb6226e-f08c-4192-95f1-69709ed686c6,04aa1c9d-66da-489d-b16a-1dee3f2eec4d,0,0,4,0,0,0,0,0,0
288,2017,441e8866-33f1-4820-9fa3-3aa2c7535975,7b112545-38e6-483c-a55c-96cf6ee49cb8,0,0,0,0,1,0,0,0,0
289,2017,7a1b8f1a-9024-4897-86b0-01c63e00305e,7b112545-38e6-483c-a55c-96cf6ee49cb8,0,0,1,0,0,0,1,1,0
290,2017,1a2fbc23-e6db-4d2f-a152-2c774341b7c4,c5a59daa-53a7-4de0-851f-fb12be893e9e,0,0,0,0,1,0,0,0,0
291,2017,40958157-617f-40b4-91e5-9895f66da29c,c5a59daa-53a7-4de0-851f-fb12be893e9e,0,0,0,0,1,1,0,0,0
292,2017,659d31a3-9c62-4e3d-a0ea-b2e4967d6947,c5a59daa-53a7-4de0-851f-fb12be893e9e,0,0,0,0,1,0,0,0,0
293,2017,ade43b1a-0601-4672-83b6-d246bc066a19,c5a59daa-53a7-4de0-851f-fb12be893e9e,0,0,3,1,1,1,0,0,0
294,2017,c88d9352-b835-45ed-a909-1cfec09a58bc,c5a59daa-53a7-4de0-851f-fb12be893e9e,0,0,1,1,0,0,0,0,0
295,2017,0ce48193-e2fa-466e-a986-33f751add206,a20471b4-a8d9-40c7-95ad-90cc30e46932,0,0,2,0,0,0,0,0,0
296,2017,3283f152-d373-43b3-b88f-f6f261c48e81,a20471b4-a8d9-40c7-95ad-90cc30e46932,0,0,0,0,1,1,0,0,0
297,2017,9f2aebe4-b654-4f0e-a437-ec46f20b6bfe,a20471b4-a8d9-40c7-95ad-90cc30e46932,0,0,0,0,1,0,0,0,0
298,2017,e7d6ae25-bf15-4660-8b37-c37716551de3,a20471b4-a8d9-40c7-95ad-90cc30e46932,0,0,0,0,1,0,0,0,0
299,2017,e97f5ca9-186e-4346-ae65-1cd757ada455,a20471b4-a8d9-40c7-95ad-90cc30e46932,0,0,1,1,0,0,0,0,0
300,2017,0cc4e449-185a-4b08-9f07-c907ad0c3e05,33405046-04ee-4058-a950-d606f8c30852,0,0,0,0,1,1,0,0,0
301,2017,1b3d350a-478b-4542-a430-d12cc96adc22,33405046-04ee-4058-a950-d606f8c30852,0,0,1,1,0,0,0,0,0
302,2017,0742d2ea-1cf2-49a6-a150-77ba6e034d8c,4254d319-1bc7-4f81-b4ab-b5e6f3402b69,0,0,2,0,0,0,1,0,0
303,2017,3e618eb6-41f2-4f20-ad70-2460f9366f43,4254d319-1bc7-4f81-b4ab-b5e6f3402b69,0,0,0,0,2,0,0,0,0
304,2017,5c2a0c83-e18a-43dd-bd65-704771157e42,4254d319-1bc7-4f81-b4ab-b5e6f3402b69,0,0,0,0,0,0,1,1,0
305,2017,c48c21d9-0ae5-478c-ad34-30a660cfa9b8,4254d319-1bc7-4f81-b4ab-b5e6f3402b69,0,0,0,0,2,1,0,0,0
306,2017,fb3b36fc-b985-4807-8199-d038d7e62a93,4254d319-1bc7-4f81-b4ab-b5e6f3402b69,0,0,2,1,0,0,0,0,0
307,2017,7e648a0b-fdc8-4661-a587-5826f2cac11b,e6aa13a4-0055-48a9-bc41-be28dc106929,0,0,0,0,0,0,1,0,0
308,2017,214e55e4-a089-412d-9598-a16495df0d25,f14bf5cc-9a82-4a38-bc15-d39f75ed5314,0,0,0,0,0,0,1,1,0
309,2017,46bb9a85-523c-4530-95c3-2c2a9737e65f,f14bf5cc-9a82-4a38-bc15-d39f75ed5314,0,0,0,0,1,0,0,0,0
310,2017,7f5f2a81-ac40-420c-9421-5b9e2a21faf8,f14bf5cc-9a82-4a38-bc15-d39f75ed5314,0,0,0,0,1,0,0,0,0
311,2017,d9c857b2-97da-4fb8-a527-afbbb2a67413,0d855753-ea21-4953-89f9-0e20aff9eb73,0,0,0,0,0,0,1,1,0
312,2017,3e2e74e9-18a8-4275-9437-b275db27e2ff,f0e724b0-4cbf-495a-be47-013907608da9,0,0,0,0,1,0,0,0,0
313,2017,af4ba620-2f00-4b00-9111-7897f2b1cde8,f0e724b0-4cbf-495a-be47-013907608da9,0,0,1,0,0,0,0,0,0
314,2017,9b13d2bc-b22c-4f91-8eeb-309f43422d6e,de760528-1dc0-416a-a978-b510d20692ff,0,0,0,0,1,0,0,0,0
315,2017,b6a61b38-5cfa-46eb-b1c5-b0255d7ebaf5,de760528-1dc0-416a-a978-b510d20692ff,0,0,0,0,1,1,0,0,0
316,2017,de816e24-8442-49a4-99cd-dde7e7c05863,de760528-1dc0-416a-a978-b510d20692ff,0,0,1,1,0,0,0,0,0
317,2017,260e8f87-1d08-4c69-8e2b-afa825c1a68a,3d08af9e-c767-4f88-a7dc-b920c6d2b4a8,0,0,0,0,1,0,0,0,0
318,2017,409d4cac-ee90-4470-9710-ebe671678339,3d08af9e-c767-4f88-a7dc-b920c6d2b4a8,0,0,5,2,0,0,0,0,0
319,2017,cf1a34f1-1aa7-45a1-b2b3-ffbecc8834f7,3d08af9e-c767-4f88-a7dc-b920c6d2b4a8,0,0,0,0,1,0,0,0,0
320,2017,e1b29179-074b-4c91-8797-763b76ac618a,3d08af9e-c767-4f88-a7dc-b920c6d2b4a8,0,0,0,0,1,1,0,0,0
321,2017,fd85786d-3900-4dc0-9b30-334ee30413ed,3d08af9e-c767-4f88-a7dc-b920c6d2b4a8,0,0,0,0,2,1,0,0,0
322,2018,3069db07-aa43-4503-ab11-2ae5c0002721,768c92aa-75ff-4a43-bcc0-f2798c2e1724,0,0,1,1,0,0,0,0,0
323,2018,4e4ba1f9-35c6-4e41-85f5-d8f12d32f459,768c92aa-75ff-4a43-bcc0-f2798c2e1724,0,0,1,0,0,0,0,0,0
324,2018,a28f7368-0306-4d20-855f-285a1a09c09c,768c92aa-75ff-4a43-bcc0-f2798c2e1724,0,0,0,0,1,1,0,0,0
325,2018,af48c3f0-040b-40f9-95ab-6ebcb4c16cf8,768c92aa-75ff-4a43-bcc0-f2798c2e1724,0,0,0,0,1,0,0,0,0
326,2018,0847010c-9a77-4f0b-9d63-c8b4b224d263,4809ecb0-abd3-451d-9c4a-92a90b83ca06,0,0,1,1,0,0,0,0,0
327,2018,4734f8dc-2ca4-4437-88f2-c8b8974abefc,4809ecb0-abd3-451d-9c4a-92a90b83ca06,0,0,0,0,1,1,0,0,0
328,2018,0adf5b2c-35bd-41f2-8e73-3dad53454d78,5fee86ae-74ab-4bdd-8416-42a9dd9964f3,0,0,0,0,1,0,0,0,0
329,2018,13d826c5-9b22-4e0a-a877-02d8c84c546b,5fee86ae-74ab-4bdd-8416-42a9dd9964f3,0,0,1,0,0,0,0,0,0
330,2018,41c44740-d0f6-44ab-8347-3b5d515e5ecf,97354895-8c77-4fd4-a860-32e62ea7382a,0,0,1,0,0,0,0,0,0
331,2018,da85107c-365c-4d58-90ab-479d97d798b4,97354895-8c77-4fd4-a860-32e62ea7382a,0,0,0,0,1,0,0,0,0
332,2018,24cf6148-f0af-4103-a215-e06956764953,ad4ae08f-d808-42d5-a1e6-e9bc4e34d123,0,0,0,0,1,0,0,0,0
333,2018,4d517d8f-fe4d-4c89-9a2a-fee836ba4a71,ad4ae08f-d808-42d5-a1e6-e9bc4e34d123,0,0,3,1,0,0,0,0,0
334,2018,c9701373-23f6-4058-9189-8d9c085f3c49,ad4ae08f-d808-42d5-a1e6-e9bc4e34d123,0,0,0,0,1,0,0,0,0
335,2018,d2a0e5af-3850-4f16-8e40-a0b1d15c2ce1,ad4ae08f-d808-42d5-a1e6-e9bc4e34d123,0,0,1,0,0,0,0,0,0
336,2018,fa6b16fe-d3cd-4296-a0e6-03ad13d27a57,ad4ae08f-d808-42d5-a1e6-e9bc4e34d123,0,0,0,0,1,1,0,0,0
337,2018,06e41dc1-d5dc-4bdc-8fc3-e0d7c3a99ac4,d5a2eb42-8065-4174-ab79-0a6fa820e35e,0,0,1,1,1,0,0,0,0
338,2018,30198d30-9769-4e10-ac86-b4c91d940802,d5a2eb42-8065-4174-ab79-0a6fa820e35e,0,0,7,1,1,1,0,0,0
339,2018,31c376b7-2e10-473a-aa54-d9f709a5b93e,d5a2eb42-8065-4174-ab79-0a6fa820e35e,0,0,0,0,0,0,2,2,0
340,2018,6e01959d-9860-49e4-a997-eee257718812,d5a2eb42-8065-4174-ab79-0a6fa820e35e,0,0,0,0,1,0,0,0,0
341,2018,71d9c2a0-81ee-4788-86bb-7ae326396e73,d5a2eb42-8065-4174-ab79-0a6fa820e35e,0,0,0,0,3,1,0,0,0
342,2018,a2451bf7-83dd-496c-b527-c14d8d518598,d5a2eb42-8065-4174-ab79-0a6fa820e35e,0,0,0,0,1,0,0,0,0
343,2018,3ffc3993-461e-4477-9def-c9633b7feac1,ebd87119-b331-4469-9ea6-d51fe3ce2f1c,0,0,0,0,0,0,2,1,0
344,2018,64797df2-efd3-4b27-86ee-1d48f7edb09f,ebd87119-b331-4469-9ea6-d51fe3ce2f1c,0,0,2,0,0,0,0,0,0
345,2018,9173225c-4e88-4c87-ad78-41aa0d00a1be,ebd87119-b331-4469-9ea6-d51fe3ce2f1c,0,0,0,0,1,0,0,0,0
346,2018,9b13d2bc-b22c-4f91-8eeb-309f43422d6e,ebd87119-b331-4469-9ea6-d51fe3ce2f1c,0,0,0,0,1,0,0,0,0
347,2018,28a084c0-14df-499f-bd1f-b975603626b7,cb2f9f1f-ac67-424e-9e72-1475cb0ed398,0,0,0,0,2,2,0,0,0
348,2018,9547fbb1-0d4f-4d9e-83b9-e2fa30463bb9,cb2f9f1f-ac67-424e-9e72-1475cb0ed398,0,0,0,0,1,1,0,0,0
349,2018,a37a5bfd-b48c-4d8b-817a-d8ce7ca3592d,cb2f9f1f-ac67-424e-9e72-1475cb0ed398,0,0,0,0,1,0,0,0,0
350,2018,bb818cdc-cc6e-4e57-90bd-5a9d5f23f48e,cb2f9f1f-ac67-424e-9e72-1475cb0ed398,0,0,0,0,1,1,0,0,0
351,2018,ea357add-1a41-4a8b-8f34-bbfade7f4d98,cb2f9f1f-ac67-424e-9e72-1475cb0ed398,0,0,5,4,0,0,0,0,0
352,2018,070850a3-7387-4836-b3eb-b1c8f8731aab,82cf9565-6eb9-4f01-bdbd-5aa0d472fcd9,0,0,0,0,1,0,0,0,0
353,2018,413f7971-4d5b-496d-a11b-f623e9bc3b7c,82cf9565-6eb9-4f01-bdbd-5aa0d472fcd9,0,0,0,0,0,0,2,2,0
354,2018,958c9833-2e55-411a-8e0e-ecc229bbeb14,82cf9565-6eb9-4f01-bdbd-5aa0d472fcd9,0,0,0,0,2,2,0,0,0
355,2018,e3181493-6a2a-4e95-aa6f-3fc1ddeb7512,82cf9565-6eb9-4f01-bdbd-5aa0d472fcd9,0,0,3,2,0,0,0,0,0
356,2018,046c51bc-319e-4fbb-9cf3-f6ab808b8edf,f7ddd7fa-0bae-4f90-bc8e-669e4d6cf2de,0,0,0,0,2,0,0,0,0
357,2018,6723249c-5fb5-4b0a-9373-cb59cdc99ec8,f7ddd7fa-0bae-4f90-bc8e-669e4d6cf2de,0,0,2,0,0,0,0,0,0
358,2018,a212c5d8-67f8-48b9-99be-2c121ee56366,82d2d380-3834-4938-835f-aec541e5ece7,0,0,0,0,1,0,0,0,0
359,2018,eec5265c-7731-4bb6-8af2-4f98a67f9ab7,82d2d380-3834-4938-835f-aec541e5ece7,0,0,1,0,0,0,0,0,0
360,2018,29972cbe-2912-49df-916b-200eead9a218,d26a1ca5-722d-4274-8f97-c92e49c96315,0,0,0,0,1,0,0,0,0
361,2018,7c16c04c-04de-41f3-ac16-ad6a9435e3f7,d26a1ca5-722d-4274-8f97-c92e49c96315,0,0,1,0,0,0,0,0,0
362,2018,1b3d350a-478b-4542-a430-d12cc96adc22,ce92bd47-93d5-4fe9-ada4-0fc681e6caa0,0,0,2,0,0,0,1,0,0
363,2018,6e444737-a1e1-4ddd-b963-cd6a9496fde0,ce92bd47-93d5-4fe9-ada4-0fc681e6caa0,0,0,0,0,1,0,0,0,0
364,2018,8322b598-ab65-4b2c-8a54-af37f67a062d,ce92bd47-93d5-4fe9-ada4-0fc681e6caa0,0,0,0,0,0,0,1,0,0
365,2018,b55ae5ba-593f-4560-9cab-14e10698e01d,ce92bd47-93d5-4fe9-ada4-0fc681e6caa0,0,0,0,0,1,0,0,0,0
366,2018,0f8ccece-d663-4069-944b-f318f64c60b7,1f6dcffb-9823-43cd-9ff4-e7a8466749b5,0,0,0,0,1,1,1,1,0
367,2018,12f27311-7cd6-4ca5-ba7d-571e9de5e1eb,1f6dcffb-9823-43cd-9ff4-e7a8466749b5,0,0,0,0,2,1,0,0,0
368,2018,5f424505-f29f-433c-b3f2-1a143a04a010,1f6dcffb-9823-43cd-9ff4-e7a8466749b5,0,0,0,0,1,1,0,0,0
369,2018,82da09c2-e542-4f7d-87d9-24dfd8e014de,1f6dcffb-9823-43cd-9ff4-e7a8466749b5,0,0,0,0,3,2,0,0,0
370,2018,e47706c7-e14d-41fb-b13b-83a835a1f3bc,1f6dcffb-9823-43cd-9ff4-e7a8466749b5,0,0,7,5,0,0,0,0,0
371,2018,11cad59d-90dd-449c-a839-dddaba4fe16c,6680d28d-d4d2-49f6-aace-5292d3ec02c2,0,0,1,0,0,0,1,1,0
372,2018,c3859e06-5f23-4302-a71b-04820a899d5f,6680d28d-d4d2-49f6-aace-5292d3ec02c2,0,0,0,0,1,0,0,0,0
373,2018,9f026fc0-4449-4dc5-a226-2e2830619381,1c1cec48-6352-4556-b789-35304c1a6ae1,0,0,1,1,0,0,0,0,0
374,2018,9f2aebe4-b654-4f0e-a437-ec46f20b6bfe,1c1cec48-6352-4556-b789-35304c1a6ae1,0,0,0,0,1,1,0,0,0
375,2018,c78c299b-7c73-40fc-9155-2ede7f9849c7,1c1cec48-6352-4556-b789-35304c1a6ae1,0,0,0,0,0,0,1,0,0
376,2018,86197778-8d4b-4eba-affe-08ef7be7c70b,e627eec7-bbae-4fa4-8e73-8e1d6bc5c060,0,0,1,1,0,0,1,1,0
377,2018,9e174ff2-ca0e-4e6b-96f7-90f0088f7edd,e627eec7-bbae-4fa4-8e73-8e1d6bc5c060,0,0,0,0,1,1,0,0,0
378,2018,23b17031-de21-412d-8182-5a4bca1049a1,386bdbf9-9eea-4869-bb9a-274b0bc66e80,0,0,0,0,0,0,1,1,0
379,2018,69568326-f210-4b88-a5cb-10376c64893e,386bdbf9-9eea-4869-bb9a-274b0bc66e80,0,0,0,0,0,0,1,1,0
380,2018,bb78a66a-a8ec-4294-8858-c7e5a1d15106,386bdbf9-9eea-4869-bb9a-274b0bc66e80,0,0,0,0,0,0,1,1,0
381,2018,c7d0a740-fcf2-4971-b1b6-43761d984bf9,386bdbf9-9eea-4869-bb9a-274b0bc66e80,0,0,0,0,0,0,1,1,0
382,2018,c8232b55-6617-4dd9-a7cf-cf14cd9a29ab,386bdbf9-9eea-4869-bb9a-274b0bc66e80,0,0,1,0,0,0,0,0,0
383,2018,c88d9352-b835-45ed-a909-1cfec09a58bc,386bdbf9-9eea-4869-bb9a-274b0bc66e80,0,0,0,0,1,1,0,0,0
384,2018,e9a5c16b-4472-4be9-8030-3f77be7890cb,386bdbf9-9eea-4869-bb9a-274b0bc66e80,0,0,1,1,0,0,0,0,0
385,2018,1ffc735b-74d8-44d2-ab32-00c5485c799f,04aa1c9d-66da-489d-b16a-1dee3f2eec4d,0,0,0,0,1,1,0,0,0
386,2018,354dec38-b88b-4ba0-8974-859123f27c45,04aa1c9d-66da-489d-b16a-1dee3f2eec4d,0,0,0,0,1,0,0,0,0
387,2018,6c6a6099-0169-4c9a-b024-0d8f4a795f38,04aa1c9d-66da-489d-b16a-1dee3f2eec4d,0,0,0,0,1,0,0,0,0
388,2018,6cb6226e-f08c-4192-95f1-69709ed686c6,04aa1c9d-66da-489d-b16a-1dee3f2eec4d,0,0,5,3,0,0,0,0,0
389,2018,9811b753-347c-467a-b3cb-85937e71e2b9,04aa1c9d-66da-489d-b16a-1dee3f2eec4d,0,0,0,0,0,0,2,1,0
390,2018,cccc9f16-9508-434f-b7a4-9a29cb0cacf9,04aa1c9d-66da-489d-b16a-1dee3f2eec4d,0,0,0,0,1,1,0,0,0
391,2018,e21365af-8d66-416e-b0a5-8816d18fcfd9,04aa1c9d-66da-489d-b16a-1dee3f2eec4d,0,0,0,0,1,1,0,0,0
392,2018,0366fd06-19a3-4b69-8448-6bfbfad1250b,22052ff7-c065-42ee-bc8f-c4691c50e624,0,0,0,0,1,0,0,0,0
393,2018,0a95e792-6455-4927-9539-f95fa7f41fbb,22052ff7-c065-42ee-bc8f-c4691c50e624,0,0,0,0,1,1,0,0,0
394,2018,2fda010a-8c62-4c07-b601-4ba03f57e6af,22052ff7-c065-42ee-bc8f-c4691c50e624,0,0,1,0,0,0,0,0,0
395,2018,471dbe81-54c4-4b52-8bd1-4933c9800e1f,22052ff7-c065-42ee-bc8f-c4691c50e624,0,0,0,0,1,1,0,0,0
396,2018,73e133bf-d3f7-4fda-bd25-2fde66cb8ee1,22052ff7-c065-42ee-bc8f-c4691c50e624,0,0,2,2,0,0,0,0,0
397,2018,0045a36c-f464-49e0-a25a-9210edc94bc1,7b112545-38e6-483c-a55c-96cf6ee49cb8,0,0,1,0,0,0,0,0,0
398,2018,0fd32417-8410-4a8f-8919-386c433bca43,7b112545-38e6-483c-a55c-96cf6ee49cb8,0,0,0,0,1,0,0,0,0
399,2018,1b8db398-7a7e-44df-922e-d979507e6bdb,7b112545-38e6-483c-a55c-96cf6ee49cb8,0,0,0,0,1,1,0,0,0
400,2018,7a1b8f1a-9024-4897-86b0-01c63e00305e,7b112545-38e6-483c-a55c-96cf6ee49cb8,0,0,4,4,0,0,0,0,0
401,2018,87171077-4c1c-4b67-b159-2cc6242988e0,7b112545-38e6-483c-a55c-96cf6ee49cb8,0,0,0,0,1,1,0,0,0
402,2018,bc0f07a4-3e7b-4e61-987a-05533dc225be,7b112545-38e6-483c-a55c-96cf6ee49cb8,0,0,0,0,1,1,0,0,0
403,2018,659d31a3-9c62-4e3d-a0ea-b2e4967d6947,c5a59daa-53a7-4de0-851f-fb12be893e9e,0,0,0,0,3,0,0,0,0
404,2018,ade43b1a-0601-4672-83b6-d246bc066a19,c5a59daa-53a7-4de0-851f-fb12be893e9e,0,0,3,0,0,0,0,0,0
405,2018,f5d20030-d934-45e3-8282-e34c6c83ad84,c5a59daa-53a7-4de0-851f-fb12be893e9e,0,0,0,0,0,0,1,0,0
406,2018,0ce48193-e2fa-466e-a986-33f751add206,a20471b4-a8d9-40c7-95ad-90cc30e46932,0,0,3,2,0,0,1,1,0
407,2018,122e131c-b08c-4b10-901d-481a20aeffb8,a20471b4-a8d9-40c7-95ad-90cc30e46932,0,0,0,0,1,1,0,0,0
408,2018,e7d6ae25-bf15-4660-8b37-c37716551de3,a20471b4-a8d9-40c7-95ad-90cc30e46932,0,0,0,0,1,1,0,0,0
409,2018,e7f0a505-8060-403e-a3b3-9d4e88dda1dc,a20471b4-a8d9-40c7-95ad-90cc30e46932,0,0,0,0,1,0,0,0,0
410,2018,1059e9dc-97df-4643-9116-883a0573d8b1,33405046-04ee-4058-a950-d606f8c30852,0,0,0,0,2,0,0,0,0
411,2018,2fa2b2da-4aa9-44b5-b27e-56876dfe2ad4,33405046-04ee-4058-a950-d606f8c30852,0,0,0,0,1,1,0,0,0
412,2018,540f8b30-900e-4d17-8756-c262ba5fa039,33405046-04ee-4058-a950-d606f8c30852,0,0,0,0,1,1,0,0,0
413,2018,a1c40664-b265-4083-aad2-54b4c734f2c5,33405046-04ee-4058-a950-d606f8c30852,0,0,0,0,1,1,0,0,0
414,2018,bbd0942c-6f77-4f83-a6d0-66ec6548019e,33405046-04ee-4058-a950-d606f8c30852,0,0,5,3,0,0,0,0,0
415,2018,0742d2ea-1cf2-49a6-a150-77ba6e034d8c,4254d319-1bc7-4f81-b4ab-b5e6f3402b69,0,0,1,1,0,0,0,0,0
416,2018,baa61bb5-f8d0-4f90-bbe2-028576b8d33d,4254d319-1bc7-4f81-b4ab-b5e6f3402b69,0,0,0,0,2,1,0,0,0
417,2018,c48c21d9-0ae5-478c-ad34-30a660cfa9b8,4254d319-1bc7-4f81-b4ab-b5e6f3402b69,0,0,0,0,1,0,0,0,0
418,2018,d6d41a89-a8af-48b9-bf75-561de99a1d87,4254d319-1bc7-4f81-b4ab-b5e6f3402b69,0,0,0,0,1,0,0,0,0
419,2018,fb3b36fc-b985-4807-8199-d038d7e62a93,4254d319-1bc7-4f81-b4ab-b5e6f3402b69,0,0,3,0,0,0,0,0,0
420,2018,1283923a-9716-4936-920a-a57f019bb2e8,e6aa13a4-0055-48a9-bc41-be28dc106929,0,0,0,0,1,0,0,0,0
421,2018,1726a359-9444-4761-a1f2-cb35ee6fa60e,e6aa13a4-0055-48a9-bc41-be28dc106929,0,0,0,0,2,1,0,0,0
422,2018,7e648a0b-fdc8-4661-a587-5826f2cac11b,e6aa13a4-0055-48a9-bc41-be28dc106929,0,0,6,2,0,0,0,0,0
423,2018,90c2a93f-d837-4e1b-b57c-56648903a8db,e6aa13a4-0055-48a9-bc41-be28dc106929,0,0,0,0,2,1,0,0,0
424,2018,214e55e4-a089-412d-9598-a16495df0d25,f14bf5cc-9a82-4a38-bc15-d39f75ed5314,0,0,4,2,0,0,0,0,0
425,2018,6a11f09e-268c-4e5a-9b0f-cc0f4bc353c3,f14bf5cc-9a82-4a38-bc15-d39f75ed5314,0,0,0,0,2,1,0,0,0
426,2018,a735765c-3ca8-4557-b06e-a30fd415982c,f14bf5cc-9a82-4a38-bc15-d39f75ed5314,0,0,0,0,1,1,0,0,0
427,2018,f96db0af-5e25-42d1-a07a-49b4e065b364,f14bf5cc-9a82-4a38-bc15-d39f75ed5314,0,0,0,0,1,0,0,0,0
428,2018,3aef6950-1c19-4454-a3d0-0afe9634ea9f,0d855753-ea21-4953-89f9-0e20aff9eb73,0,0,0,0,1,1,0,0,0
429,2018,3c8a55dd-20a8-4375-b711-49eb5e6e1d0e,0d855753-ea21-4953-89f9-0e20aff9eb73,0,0,0,0,0,0,1,0,0
430,2018,90c1756d-1f47-41b7-89fe-b113c9850bc1,0d855753-ea21-4953-89f9-0e20aff9eb73,0,0,0,0,1,0,0,0,0
431,2018,bb5957e6-ce7d-47ab-8036-22191ffc1c44,0d855753-ea21-4953-89f9-0e20aff9eb73,0,0,2,1,0,0,0,0,0
432,2018,d9c857b2-97da-4fb8-a527-afbbb2a67413,0d855753-ea21-4953-89f9-0e20aff9eb73,0,0,0,0,0,0,3,3,0
433,2018,2ada91b0-036e-454f-83c3-6d939ff584a9,f0e724b0-4cbf-495a-be47-013907608da9,0,0,0,0,2,1,0,0,0
434,2018,3e2e74e9-18a8-4275-9437-b275db27e2ff,f0e724b0-4cbf-495a-be47-013907608da9,0,0,0,0,1,1,0,0,0
435,2018,42de9d1d-0352-460b-9172-9452414fd7fd,f0e724b0-4cbf-495a-be47-013907608da9,0,0,1,1,0,0,0,0,0
436,2018,6608fdbf-6c93-47cc-ad44-9da2fda598ce,f0e724b0-4cbf-495a-be47-013907608da9,0,0,2,0,0,0,0,0,0
437,2018,7738fea8-7ea2-4c4c-b589-bca90b070819,f0e724b0-4cbf-495a-be47-013907608da9,0,0,1,1,0,0,1,0,0
438,2018,a824d9ff-12a4-4ed2-812d-404b0b4e52f9,f0e724b0-4cbf-495a-be47-013907608da9,0,0,0,0,1,0,0,0,0
439,2018,2c8670ae-0c23-4d20-9d2b-f4c3e25f8938,de760528-1dc0-416a-a978-b510d20692ff,0,0,0,0,0,0,1,1,0
440,2018,5c079a21-ae9e-4b38-a69a-47706fa8dd67,de760528-1dc0-416a-a978-b510d20692ff,0,0,1,1,0,0,0,0,0
441,2018,b6a61b38-5cfa-46eb-b1c5-b0255d7ebaf5,de760528-1dc0-416a-a978-b510d20692ff,0,0,0,0,1,1,0,0,0
442,2018,cc3640b0-7560-431f-84ab-599e9dc8cac6,de760528-1dc0-416a-a978-b510d20692ff,0,0,1,0,0,0,0,0,0
443,2018,ebcd87ce-218c-4144-810b-921c2f59d6e8,de760528-1dc0-416a-a978-b510d20692ff,0,0,0,0,1,0,0,0,0
444,2018,0e7e6cbb-0e88-4a74-b457-1753851e37f3,2eff2a03-54d4-46ba-890e-2bc3925548f3,0,0,0,0,1,1,0,0,0
445,2018,14263792-d1d3-4b0c-85f7-2a85b4aed6f1,2eff2a03-54d4-46ba-890e-2bc3925548f3,0,0,0,0,1,1,3,2,0
446,2018,aba8f925-ffbf-4654-bfa7-a25d3d237494,2eff2a03-54d4-46ba-890e-2bc3925548f3,0,0,3,3,0,0,0,0,0
447,2018,ebeceb00-57e0-4b74-9cf7-853da2afed18,2eff2a03-54d4-46ba-890e-2bc3925548f3,0,0,0,0,1,1,0,0,0
448,2018,409d4cac-ee90-4470-9710-ebe671678339,3d08af9e-c767-4f88-a7dc-b920c6d2b4a8,0,0,1,1,0,0,0,0,0
449,2018,dffa69ad-331e-4f09-ae38-40a5a4406be6,3d08af9e-c767-4f88-a7dc-b920c6d2b4a8,0,0,0,0,1,1,0,0,0
