Key,Passing Avg Yards,Passing Blitzes,Passing Completion Pct,Passing Completions,Passing Defended Passes,Passing Dropped Passes,Passing Gross Yards,Passing Hurries,Passing Interceptions,Passing Knockdowns,Passing Longest,Passing Longest TD,Passing Net Yds,Passing Pocket Time,Passing Rating,Passing Redzone Attempts,Passing Sack Yds,Passing Sacks,Passing Spikes,Passing Throw Away,Passing Touchdowns,Passing Yards
0742d2ea-1cf2-49a6-a150-77ba6e034d8c 2012 768c92aa-75ff-4a43-bcc0-f2798c2e1724,6.733,165,60.593999999999994,306,0,37,3400,0,16,0,68,68,3239,0.0,83.3,5,161,30,0,0,24,3400
5812204c-6dae-4450-8011-99e0f72864ac 2012 4809ecb0-abd3-451d-9c4a-92a90b83ca06,6.806,183,58.263999999999996,282,0,36,3294,0,13,0,80,80,3060,0.0,76.1,5,234,35,0,0,12,3294
769d7178-df4e-4127-8166-8116165921e8 2012 5fee86ae-74ab-4bdd-8416-42a9dd9964f3,42.0,0,100.0,1,0,0,42,0,0,0,42,0,42,0.0,118.8,0,0,0,0,0,0,42
e6c40f79-1bbd-4f62-9391-7f535f110c0d 2012 5fee86ae-74ab-4bdd-8416-42a9dd9964f3,6.364,188,54.305,246,0,31,2883,0,18,0,66,33,2674,0.0,66.9,4,209,34,0,0,13,2883
41c44740-d0f6-44ab-8347-3b5d515e5ecf 2012 97354895-8c77-4fd4-a860-32e62ea7382a,7.577999999999999,173,62.951,401,0,47,4827,0,8,0,83,83,4645,0.0,98.7,3,182,27,0,0,34,4827
1726a359-9444-4761-a1f2-cb35ee6fa60e 2012 ad4ae08f-d808-42d5-a1e6-e9bc4e34d123,73.0,1,100.0,1,0,0,73,0,0,0,73,73,73,0.0,158.3,0,0,0,0,0,1,73
d2a0e5af-3850-4f16-8e40-a0b1d15c2ce1 2012 ad4ae08f-d808-42d5-a1e6-e9bc4e34d123,6.949,189,62.31100000000001,329,0,28,3669,0,16,0,59,59,3440,0.0,87.4,8,229,46,0,0,27,3669
01291a8d-d97c-4d88-b497-b5ad4b72f626 2012 d5a2eb42-8065-4174-ab79-0a6fa820e35e,6.547000000000001,176,57.446999999999996,297,0,38,3385,0,17,0,71,71,3199,0.0,72.6,6,186,28,0,0,14,3385
3699dfd9-d437-43f7-b674-adbb31e7e64b 2012 d5a2eb42-8065-4174-ab79-0a6fa820e35e,4.647,8,52.941,9,0,0,79,0,0,0,21,6,54,0.0,85.2,0,25,4,0,0,1,79
64797df2-efd3-4b27-86ee-1d48f7edb09f 2012 ebd87119-b331-4469-9ea6-d51fe3ce2f1c,7.188,182,59.699,317,0,23,3817,0,10,0,61,61,3590,0.0,87.7,4,227,35,0,0,22,3817
7f3ef024-eb34-46af-8b9e-544cdf09378f 2012 ebd87119-b331-4469-9ea6-d51fe3ce2f1c,6.172000000000001,9,58.621,17,0,2,179,0,1,0,25,0,149,0.0,62.3,0,30,3,0,0,0,179
16e33176-b73e-49b7-b0aa-c405b47a706e 2012 cb2f9f1f-ac67-424e-9e72-1475cb0ed398,0.0,1,0.0,0,0,1,0,0,1,0,0,0,0,0.0,0.0,0,0,0,0,0,0,0
ea357add-1a41-4a8b-8f34-bbfade7f4d98 2012 cb2f9f1f-ac67-424e-9e72-1475cb0ed398,7.272,138,63.251999999999995,284,0,25,3265,0,8,0,82,82,3083,0.0,97.0,9,182,30,0,0,26,3265
b8426cea-f8b9-4061-8d56-e70d1230103e 2012 82cf9565-6eb9-4f01-bdbd-5aa0d472fcd9,0.0,1,0.0,0,0,0,0,0,0,0,0,0,0,0.0,39.6,0,0,0,0,0,0,0
e3181493-6a2a-4e95-aa6f-3fc1ddeb7512 2012 82cf9565-6eb9-4f01-bdbd-5aa0d472fcd9,6.976,219,54.067,339,0,50,4374,0,18,0,70,70,0,0.0,76.5,9,246,41,0,0,23,4374
de816e24-8442-49a4-99cd-dde7e7c05863 2012 f7ddd7fa-0bae-4f90-bc8e-669e4d6cf2de,5.978,93,58.273,162,0,27,1662,0,6,0,80,80,1504,0.0,77.4,0,158,22,0,0,9,1662
f55053e4-4bfd-495d-981a-d62e3662f01b 2012 f7ddd7fa-0bae-4f90-bc8e-669e4d6cf2de,6.766,122,53.896,166,0,23,2084,0,11,0,81,81,1915,0.0,72.2,5,169,28,0,0,11,2084
1f09583f-dcc1-43e8-a7fc-f063d2c96508 2012 82d2d380-3834-4938-835f-aec541e5ece7,7.367999999999999,156,64.33800000000001,350,0,34,4008,0,12,0,60,60,3792,0.0,90.7,3,216,27,0,0,22,4008
0847010c-9a77-4f0b-9d63-c8b4b224d263 2012 ce92bd47-93d5-4fe9-ada4-0fc681e6caa0,3.0,2,50.0,2,0,1,12,0,0,0,7,0,12,0.0,56.3,0,0,0,0,0,0,12
67f5e782-f91c-4536-9818-cf4a0e7e821d 2012 ce92bd47-93d5-4fe9-ada4-0fc681e6caa0,0.0,0,0.0,0,0,0,0,0,0,0,0,0,0,0.0,39.6,0,0,0,0,0,0,0
8263e101-aa33-435f-bf0f-388e1c4eeb59 2012 6680d28d-d4d2-49f6-aace-5292d3ec02c2,6.484,81,58.123000000000005,161,0,23,1796,0,12,0,46,33,1695,0.0,66.7,0,101,19,0,0,6,1796
af48c3f0-040b-40f9-95ab-6ebcb4c16cf8 2012 1c1cec48-6352-4556-b789-35304c1a6ae1,5.167000000000001,11,46.667,14,0,2,155,0,1,0,38,9,155,0.0,70.8,3,0,0,0,0,2,155
c8232b55-6617-4dd9-a7cf-cf14cd9a29ab 2012 386bdbf9-9eea-4869-bb9a-274b0bc66e80,6.4110000000000005,77,60.755,161,0,10,1699,0,5,0,46,44,1568,0.0,79.1,7,131,20,0,0,6,1699
6cb6226e-f08c-4192-95f1-69709ed686c6 2012 04aa1c9d-66da-489d-b16a-1dee3f2eec4d,7.3660000000000005,168,59.888000000000005,321,0,32,3948,0,15,0,80,80,3812,0.0,87.2,14,136,19,0,0,26,3948
8dfb370d-460c-4bfc-9d62-888687248783 2012 22052ff7-c065-42ee-bc8f-c4691c50e624,8.142000000000001,102,65.649,258,0,35,3200,0,5,0,88,88,2983,0.0,102.4,3,217,30,0,0,20,3200
bbd0942c-6f77-4f83-a6d0-66ec6548019e 2012 22052ff7-c065-42ee-bc8f-c4691c50e624,9.708,9,68.75,33,0,2,466,0,3,0,77,77,439,0.0,101.6,1,27,3,0,0,4,466
ade43b1a-0601-4672-83b6-d246bc066a19 2012 c5a59daa-53a7-4de0-851f-fb12be893e9e,6.832000000000001,176,59.835,435,0,49,4967,0,17,0,57,46,4755,0.0,79.8,6,212,29,0,0,20,4967
0ce48193-e2fa-466e-a986-33f751add206 2012 a20471b4-a8d9-40c7-95ad-90cc30e46932,7.781000000000001,164,67.21,371,0,44,4295,0,8,0,73,72,4002,0.0,108.0,10,293,51,0,0,39,4295
7e648a0b-fdc8-4661-a587-5826f2cac11b 2012 e6aa13a4-0055-48a9-bc41-be28dc106929,7.672999999999999,173,68.618,422,0,27,4719,0,14,0,80,80,4509,0.0,99.1,14,210,28,0,0,32,4719
214e55e4-a089-412d-9598-a16495df0d25 2012 f14bf5cc-9a82-4a38-bc15-d39f75ed5314,7.977,175,57.732,280,0,22,3869,0,12,0,82,53,3625,0.0,86.2,12,244,36,0,0,19,3869
72fbe462-91c5-4c84-9640-e8ad7cad6447 2012 f14bf5cc-9a82-4a38-bc15-d39f75ed5314,14.5,0,100.0,4,0,0,58,0,0,0,23,0,58,0.0,118.8,0,0,0,0,0,0,58
0045a36c-f464-49e0-a25a-9210edc94bc1 2012 0d855753-ea21-4953-89f9-0e20aff9eb73,10.0,1,100.0,1,0,0,10,0,0,0,10,0,10,0.0,108.3,0,0,0,0,0,0,10
bb5957e6-ce7d-47ab-8036-22191ffc1c44 2012 0d855753-ea21-4953-89f9-0e20aff9eb73,7.727,198,62.985,422,0,49,5177,0,19,0,80,80,4987,0.0,96.3,13,190,26,0,0,43,5177
2fda010a-8c62-4c07-b601-4ba03f57e6af 2012 f0e724b0-4cbf-495a-be47-013907608da9,7.968,87,70.183,153,0,12,1737,0,5,0,55,47,1600,0.0,104.1,0,137,24,0,0,13,1737
af4ba620-2f00-4b00-9111-7897f2b1cde8 2012 de760528-1dc0-416a-a978-b510d20692ff,6.226,9,56.604,30,0,1,330,0,2,0,53,37,300,0.0,65.8,3,30,4,0,0,1,330
409d4cac-ee90-4470-9710-ebe671678339 2012 3d08af9e-c767-4f88-a7dc-b920c6d2b4a8,7.934,150,64.122,252,0,24,3118,0,10,0,67,46,2915,0.0,100.0,2,203,33,0,0,26,3118
c88d9352-b835-45ed-a909-1cfec09a58bc 2012 3d08af9e-c767-4f88-a7dc-b920c6d2b4a8,23.0,1,100.0,1,0,0,23,0,0,0,23,23,23,0.0,158.3,0,0,0,0,0,1,23
5812204c-6dae-4450-8011-99e0f72864ac 2013 4809ecb0-abd3-451d-9c4a-92a90b83ca06,6.655,210,60.373999999999995,355,0,32,3913,0,17,0,67,53,0,0.0,81.7,64,399,58,0,26,24,3913
4a38cda2-e92f-47f8-b324-0c34e09d83f2 2013 5fee86ae-74ab-4bdd-8416-42a9dd9964f3,30.0,1,100.0,1,0,0,30,0,0,0,30,0,30,0.0,118.8,0,0,0,0,0,0,30
769d7178-df4e-4127-8166-8116165921e8 2013 5fee86ae-74ab-4bdd-8416-42a9dd9964f3,0.0,0,0.0,0,0,0,0,0,0,0,0,0,0,0.0,39.6,0,0,0,0,0,0,0
cfc93f5e-105e-4a5e-88d3-f4279893cfa8 2013 5fee86ae-74ab-4bdd-8416-42a9dd9964f3,6.876,206,55.756,247,0,26,3046,0,21,0,69,69,2731,0.0,66.5,44,315,43,0,26,12,3046
41c44740-d0f6-44ab-8347-3b5d515e5ecf 2013 97354895-8c77-4fd4-a860-32e62ea7382a,6.916,203,60.51,380,0,53,4343,0,11,0,81,81,4087,0.0,87.3,83,256,40,0,13,25,4343
1726a359-9444-4761-a1f2-cb35ee6fa60e 2013 ad4ae08f-d808-42d5-a1e6-e9bc4e34d123,25.0,1,100.0,1,0,0,25,0,0,0,25,0,25,0.0,118.8,0,0,0,0,0,0,25
d2a0e5af-3850-4f16-8e40-a0b1d15c2ce1 2013 ad4ae08f-d808-42d5-a1e6-e9bc4e34d123,7.3260000000000005,213,61.945,363,0,35,4293,0,20,0,82,82,4111,0.0,88.8,65,182,29,0,21,33,4293
01291a8d-d97c-4d88-b497-b5ad4b72f626 2013 d5a2eb42-8065-4174-ab79-0a6fa820e35e,6.483,87,52.809,141,0,24,1731,0,9,0,95,95,1551,0.0,70.3,28,180,27,0,17,9,1731
af4ba620-2f00-4b00-9111-7897f2b1cde8 2013 d5a2eb42-8065-4174-ab79-0a6fa820e35e,6.406000000000001,36,59.375,57,0,6,615,0,3,0,47,47,567,0.0,82.6,13,48,6,0,7,5,615
64797df2-efd3-4b27-86ee-1d48f7edb09f 2013 ebd87119-b331-4469-9ea6-d51fe3ce2f1c,6.371,214,58.958,362,0,33,3912,0,22,0,74,66,3588,0.0,73.1,75,324,48,0,16,19,3912
7f3ef024-eb34-46af-8b9e-544cdf09378f 2013 ebd87119-b331-4469-9ea6-d51fe3ce2f1c,0.4,1,20.0,1,0,1,2,0,1,0,2,0,2,0.0,0.0,0,0,0,0,0,0,2
16e33176-b73e-49b7-b0aa-c405b47a706e 2013 cb2f9f1f-ac67-424e-9e72-1475cb0ed398,15.0,0,100.0,1,0,0,15,0,0,0,15,0,8,0.0,118.8,0,7,1,0,0,0,15
ea357add-1a41-4a8b-8f34-bbfade7f4d98 2013 cb2f9f1f-ac67-424e-9e72-1475cb0ed398,7.296,174,64.212,375,0,36,4261,0,14,0,67,55,3979,0.0,92.0,90,282,42,0,14,28,4261
e3181493-6a2a-4e95-aa6f-3fc1ddeb7512 2013 82cf9565-6eb9-4f01-bdbd-5aa0d472fcd9,6.705,186,60.175,343,0,34,3822,0,9,0,73,73,3595,0.0,87.0,70,227,32,0,15,23,3822
de816e24-8442-49a4-99cd-dde7e7c05863 2013 f7ddd7fa-0bae-4f90-bc8e-669e4d6cf2de,5.593,27,48.836999999999996,42,0,7,481,0,7,0,67,67,414,0.0,36.0,7,67,12,0,7,1,481
f55053e4-4bfd-495d-981a-d62e3662f01b 2013 f7ddd7fa-0bae-4f90-bc8e-669e4d6cf2de,6.443,162,60.636,305,0,30,3241,0,14,0,62,62,2998,0.0,76.5,68,243,38,0,17,13,3241
1b3d350a-478b-4542-a430-d12cc96adc22 2013 82d2d380-3834-4938-835f-aec541e5ece7,6.957000000000001,94,54.15,137,0,17,1760,0,6,0,66,62,1559,0.0,78.2,14,201,19,0,13,9,1760
1f09583f-dcc1-43e8-a7fc-f063d2c96508 2013 82d2d380-3834-4938-835f-aec541e5ece7,6.452999999999999,123,61.173,219,0,12,2310,0,14,0,46,31,2148,0.0,73.0,46,162,21,0,18,10,2310
0742d2ea-1cf2-49a6-a150-77ba6e034d8c 2013 d26a1ca5-722d-4274-8f97-c92e49c96315,7.011,124,62.0,217,0,26,2454,0,12,0,77,77,2345,0.0,82.0,41,109,21,0,12,14,2454
0847010c-9a77-4f0b-9d63-c8b4b224d263 2013 ce92bd47-93d5-4fe9-ada4-0fc681e6caa0,5.938,11,68.75,11,0,1,95,0,0,0,19,0,87,0.0,84.1,0,8,2,0,1,0,95
0045a36c-f464-49e0-a25a-9210edc94bc1 2013 6680d28d-d4d2-49f6-aace-5292d3ec02c2,6.526,13,65.789,25,0,2,248,0,1,0,48,2,0,0.0,81.9,2,11,2,0,1,1,248
2fda010a-8c62-4c07-b601-4ba03f57e6af 2013 6680d28d-d4d2-49f6-aace-5292d3ec02c2,6.522,202,60.63,308,0,36,3313,0,7,0,71,71,0,0.0,89.1,74,210,39,0,18,23,3313
af48c3f0-040b-40f9-95ab-6ebcb4c16cf8 2013 1c1cec48-6352-4556-b789-35304c1a6ae1,6.61,94,57.353,156,0,14,1798,0,11,0,73,73,1595,0.0,69.1,23,203,31,0,19,7,1798
c8232b55-6617-4dd9-a7cf-cf14cd9a29ab 2013 386bdbf9-9eea-4869-bb9a-274b0bc66e80,9.12,102,64.038,203,0,13,2891,0,2,0,63,63,2718,0.0,119.2,37,173,28,0,20,27,2891
da7cb0cc-543e-47d5-b29a-2ba2b341bd14 2013 386bdbf9-9eea-4869-bb9a-274b0bc66e80,6.122000000000001,13,61.224,30,0,3,300,0,4,0,26,0,276,0.0,44.6,3,24,3,0,0,0,300
6cb6226e-f08c-4192-95f1-69709ed686c6 2013 04aa1c9d-66da-489d-b16a-1dee3f2eec4d,6.928999999999999,190,57.532,317,0,30,3818,0,27,0,70,70,3537,0.0,69.4,54,281,39,0,25,18,3818
8dfb370d-460c-4bfc-9d62-888687248783 2013 22052ff7-c065-42ee-bc8f-c4691c50e624,7.024,163,60.088,274,0,36,3203,0,12,0,62,62,2929,0.0,82.2,55,274,38,0,15,16,3203
bbd0942c-6f77-4f83-a6d0-66ec6548019e 2013 22052ff7-c065-42ee-bc8f-c4691c50e624,5.51,53,52.258,81,0,10,854,0,7,0,62,53,822,0.0,58.4,10,32,5,0,6,4,854
a261fd0a-b096-4db7-bd51-2f13bde485da 2013 7b112545-38e6-483c-a55c-96cf6ee49cb8,8.165,67,66.518,149,0,12,1829,0,1,0,80,80,1792,0.0,109.0,31,37,11,0,9,13,1829
ade43b1a-0601-4672-83b6-d246bc066a19 2013 c5a59daa-53a7-4de0-851f-fb12be893e9e,7.334,168,58.516999999999996,371,0,58,4650,0,19,0,87,79,4482,0.0,84.2,78,168,23,0,17,29,4650
0ce48193-e2fa-466e-a986-33f751add206 2013 a20471b4-a8d9-40c7-95ad-90cc30e46932,8.745,78,66.55199999999999,193,0,14,2536,0,6,0,83,83,2419,0.0,104.9,46,117,21,0,22,17,2536
8263e101-aa33-435f-bf0f-388e1c4eeb59 2013 33405046-04ee-4058-a950-d606f8c30852,7.114,94,60.236000000000004,153,0,13,1807,0,9,0,79,79,1722,0.0,81.6,32,85,16,0,7,11,1807
e1235f1e-26ce-438c-8168-3b1ded4ab893 2013 4254d319-1bc7-4f81-b4ab-b5e6f3402b69,6.269,152,59.375,247,0,21,2608,0,9,0,85,85,2294,0.0,83.9,47,314,40,0,19,19,2608
7e648a0b-fdc8-4661-a587-5826f2cac11b 2013 e6aa13a4-0055-48a9-bc41-be28dc106929,6.935,200,67.435,439,0,40,4515,0,17,0,81,81,4217,0.0,89.6,93,298,44,0,19,26,4515
214e55e4-a089-412d-9598-a16495df0d25 2013 f14bf5cc-9a82-4a38-bc15-d39f75ed5314,7.144,197,61.733999999999995,292,0,23,3379,0,13,0,79,79,3043,0.0,88.8,54,336,43,0,20,24,3379
bb5957e6-ce7d-47ab-8036-22191ffc1c44 2013 0d855753-ea21-4953-89f9-0e20aff9eb73,7.942,172,68.615,446,0,25,5162,0,12,0,76,76,4918,0.0,104.7,85,244,37,0,26,39,5162
3699dfd9-d437-43f7-b674-adbb31e7e64b 2013 f0e724b0-4cbf-495a-be47-013907608da9,13.0,0,100.0,1,0,0,13,0,0,0,13,0,13,0.0,118.8,0,0,0,0,0,0,13
b6a61b38-5cfa-46eb-b1c5-b0255d7ebaf5 2013 de760528-1dc0-416a-a978-b510d20692ff,0.0,0,0.0,0,0,0,0,0,0,0,0,0,0,0.0,39.6,0,0,0,0,1,0,0
409d4cac-ee90-4470-9710-ebe671678339 2013 3d08af9e-c767-4f88-a7dc-b920c6d2b4a8,8.248,184,63.145,257,0,13,3357,0,9,0,80,80,3085,0.0,101.2,53,272,44,0,21,26,3357
5812204c-6dae-4450-8011-99e0f72864ac 2014 4809ecb0-abd3-451d-9c4a-92a90b83ca06,6.856,185,66.441,392,0,29,4045,0,12,0,50,32,3708,0.0,92.8,89,337,46,0,15,27,4045
b37b5be9-4771-4368-988f-fb936f4fc0ad 2014 4809ecb0-abd3-451d-9c4a-92a90b83ca06,0.0,0,0.0,0,0,0,0,0,0,0,0,0,0,0.0,39.6,0,0,0,0,0,0,0
769d7178-df4e-4127-8166-8116165921e8 2014 5fee86ae-74ab-4bdd-8416-42a9dd9964f3,0.0,1,0.0,0,0,0,0,0,0,0,0,0,0,0.0,39.6,1,0,0,0,0,0,0
cfc93f5e-105e-4a5e-88d3-f4279893cfa8 2014 5fee86ae-74ab-4bdd-8416-42a9dd9964f3,6.88,128,59.673,219,0,18,2525,0,13,0,74,74,2350,0.0,77.5,48,175,28,0,24,13,2525
41c44740-d0f6-44ab-8347-3b5d515e5ecf 2014 97354895-8c77-4fd4-a860-32e62ea7382a,7.06,140,64.089,373,0,32,4109,0,9,0,69,69,3975,0.0,97.4,74,134,21,0,21,33,4109
42de9d1d-0352-460b-9172-9452414fd7fd 2014 97354895-8c77-4fd4-a860-32e62ea7382a,6.7410000000000005,6,70.37,19,0,0,182,0,0,0,37,13,146,0.0,101.2,1,36,5,0,2,1,182
1726a359-9444-4761-a1f2-cb35ee6fa60e 2014 ad4ae08f-d808-42d5-a1e6-e9bc4e34d123,26.333000000000002,0,100.0,3,0,0,79,0,0,0,50,18,73,0.0,158.3,1,6,1,0,0,1,79
d2a0e5af-3850-4f16-8e40-a0b1d15c2ce1 2014 ad4ae08f-d808-42d5-a1e6-e9bc4e34d123,7.064,148,64.241,309,0,22,3398,0,17,0,81,81,3274,0.0,83.5,51,124,21,0,20,19,3398
af4ba620-2f00-4b00-9111-7897f2b1cde8 2014 d5a2eb42-8065-4174-ab79-0a6fa820e35e,7.593999999999999,152,55.251000000000005,242,0,20,3326,0,13,0,81,81,3166,0.0,76.5,40,160,24,0,14,12,3326
b228c353-bb1f-4ba8-aa6d-d18ecf297259 2014 d5a2eb42-8065-4174-ab79-0a6fa820e35e,0.0,0,0.0,0,0,0,0,0,0,0,0,0,0,0.0,39.6,0,0,0,0,1,0,0
64797df2-efd3-4b27-86ee-1d48f7edb09f 2014 ebd87119-b331-4469-9ea6-d51fe3ce2f1c,7.195,214,62.093999999999994,344,0,37,3986,0,12,0,80,80,3819,0.0,91.0,70,167,19,0,21,27,3986
16e33176-b73e-49b7-b0aa-c405b47a706e 2014 cb2f9f1f-ac67-424e-9e72-1475cb0ed398,10.0,0,100.0,2,0,0,20,0,0,0,17,3,20,0.0,147.9,1,0,0,0,0,1,20
ea357add-1a41-4a8b-8f34-bbfade7f4d98 2014 cb2f9f1f-ac67-424e-9e72-1475cb0ed398,8.145,153,67.105,408,0,29,4952,0,9,0,94,94,4780,0.0,103.3,91,172,33,0,5,32,4952
e3181493-6a2a-4e95-aa6f-3fc1ddeb7512 2014 82cf9565-6eb9-4f01-bdbd-5aa0d472fcd9,7.729,207,61.688,380,0,38,4761,0,16,0,80,79,4600,0.0,96.5,82,161,27,0,22,40,4761
6723249c-5fb5-4b0a-9373-cb59cdc99ec8 2014 f7ddd7fa-0bae-4f90-bc8e-669e4d6cf2de,6.122000000000001,168,58.946999999999996,280,0,31,2908,0,17,0,63,63,2563,0.0,69.5,38,345,55,0,9,11,2908
f55053e4-4bfd-495d-981a-d62e3662f01b 2014 f7ddd7fa-0bae-4f90-bc8e-669e4d6cf2de,6.308,40,53.846000000000004,42,0,5,492,0,1,0,63,63,387,0.0,80.7,4,105,16,0,1,3,492
0742d2ea-1cf2-49a6-a150-77ba6e034d8c 2014 82d2d380-3834-4938-835f-aec541e5ece7,7.957999999999999,107,63.141000000000005,197,0,16,2483,0,8,0,76,76,2400,0.0,95.3,38,83,21,0,4,17,2483
1b3d350a-478b-4542-a430-d12cc96adc22 2014 82d2d380-3834-4938-835f-aec541e5ece7,5.649,21,58.442,45,0,5,435,0,2,0,35,10,420,0.0,72.2,19,15,3,0,2,2,435
ba2e7ff8-ed39-4fd1-85e3-d263a946a212 2014 82d2d380-3834-4938-835f-aec541e5ece7,6.684,10,52.632,10,0,2,127,0,1,0,35,0,122,0.0,51.9,0,5,1,0,0,0,127
0847010c-9a77-4f0b-9d63-c8b4b224d263 2014 ce92bd47-93d5-4fe9-ada4-0fc681e6caa0,5.2,2,40.0,4,0,3,52,0,0,0,38,1,52,0.0,90.4,1,0,0,0,1,1,52
0045a36c-f464-49e0-a25a-9210edc94bc1 2014 6680d28d-d4d2-49f6-aace-5292d3ec02c2,5.607,6,57.143,16,0,4,157,0,0,0,30,0,140,0.0,73.1,8,17,4,0,1,0,157
2fda010a-8c62-4c07-b601-4ba03f57e6af 2014 6680d28d-d4d2-49f6-aace-5292d3ec02c2,7.037000000000001,164,65.30199999999999,303,0,33,3265,0,6,0,70,70,3036,0.0,93.4,57,229,45,0,22,18,3265
1f09583f-dcc1-43e8-a7fc-f063d2c96508 2014 1c1cec48-6352-4556-b789-35304c1a6ae1,5.7,6,50.0,5,0,0,57,0,2,0,16,0,33,0.0,27.9,0,24,3,0,1,0,57
9f026fc0-4449-4dc5-a226-2e2830619381 2014 1c1cec48-6352-4556-b789-35304c1a6ae1,5.459,203,58.097,348,0,31,3270,0,12,0,77,77,3121,0.0,76.6,44,149,24,0,25,21,3270
01291a8d-d97c-4d88-b497-b5ad4b72f626 2014 e627eec7-bbae-4fa4-8e73-8e1d6bc5c060,7.39,15,58.537,24,0,2,303,0,2,0,43,43,294,0.0,85.7,6,9,1,0,1,3,303
c8232b55-6617-4dd9-a7cf-cf14cd9a29ab 2014 386bdbf9-9eea-4869-bb9a-274b0bc66e80,6.955,69,59.806999999999995,186,0,9,2163,0,10,0,68,68,2089,0.0,81.4,35,74,9,0,18,13,2163
da7cb0cc-543e-47d5-b29a-2ba2b341bd14 2014 386bdbf9-9eea-4869-bb9a-274b0bc66e80,0.0,1,0.0,0,0,0,0,0,0,0,0,0,0,0.0,39.6,0,0,0,0,0,0,0
e6c40f79-1bbd-4f62-9391-7f535f110c0d 2014 386bdbf9-9eea-4869-bb9a-274b0bc66e80,7.825,95,64.078,198,0,16,2418,0,11,0,72,44,2267,0.0,88.4,42,151,23,0,5,14,2418
354dec38-b88b-4ba0-8974-859123f27c45 2014 04aa1c9d-66da-489d-b16a-1dee3f2eec4d,0.0,0,0.0,0,0,0,0,0,0,0,0,0,0,0.0,39.6,0,0,0,0,0,0,0
6cb6226e-f08c-4192-95f1-69709ed686c6 2014 04aa1c9d-66da-489d-b16a-1dee3f2eec4d,7.337999999999999,194,63.062,379,0,30,4410,0,14,0,80,80,4223,0.0,92.1,98,187,28,0,28,30,4410
3699dfd9-d437-43f7-b674-adbb31e7e64b 2014 22052ff7-c065-42ee-bc8f-c4691c50e624,8.258,61,71.094,91,0,2,1057,0,3,0,70,70,940,0.0,96.4,10,117,17,0,1,4,1057
8dfb370d-460c-4bfc-9d62-888687248783 2014 22052ff7-c065-42ee-bc8f-c4691c50e624,7.916,68,68.692,147,0,10,1694,0,6,0,69,69,1467,0.0,86.9,31,227,33,0,11,4,1694
a824d9ff-12a4-4ed2-812d-404b0b4e52f9 2014 22052ff7-c065-42ee-bc8f-c4691c50e624,0.0,0,0.0,0,0,0,0,0,0,0,0,0,0,0.0,39.6,0,0,0,0,0,0,0
bbd0942c-6f77-4f83-a6d0-66ec6548019e 2014 22052ff7-c065-42ee-bc8f-c4691c50e624,8.382,65,61.765,126,0,17,1710,0,9,0,81,81,1640,0.0,86.4,22,70,8,0,5,10,1710
ade43b1a-0601-4672-83b6-d246bc066a19 2014 c5a59daa-53a7-4de0-851f-fb12be893e9e,7.071000000000001,158,60.299,363,0,36,4257,0,12,0,73,73,4003,0.0,85.7,76,254,45,0,28,22,4257
0ce48193-e2fa-466e-a986-33f751add206 2014 a20471b4-a8d9-40c7-95ad-90cc30e46932,8.425,116,65.577,341,0,32,4381,0,5,0,80,80,4207,0.0,112.2,96,174,28,0,20,38,4381
8263e101-aa33-435f-bf0f-388e1c4eeb59 2014 33405046-04ee-4058-a950-d606f8c30852,5.986000000000001,29,57.746,41,0,5,425,0,4,0,28,25,386,0.0,65.8,7,39,6,0,1,3,425
d4cb52a9-f6b4-42ed-b40b-27bff5f1eea7 2014 33405046-04ee-4058-a950-d606f8c30852,7.261,131,64.428,259,0,21,2919,0,12,0,87,87,2670,0.0,85.2,25,249,39,0,21,14,2919
a261fd0a-b096-4db7-bd51-2f13bde485da 2014 4254d319-1bc7-4f81-b4ab-b5e6f3402b69,6.746,118,56.269,184,0,19,2206,0,14,0,56,56,1971,0.0,70.5,27,235,36,0,15,11,2206
e1235f1e-26ce-438c-8168-3b1ded4ab893 2014 4254d319-1bc7-4f81-b4ab-b5e6f3402b69,6.98,93,57.635,117,0,9,1417,0,6,0,41,24,1326,0.0,83.3,23,91,16,0,6,10,1417
7e648a0b-fdc8-4661-a587-5826f2cac11b 2014 e6aa13a4-0055-48a9-bc41-be28dc106929,7.475,188,66.083,415,0,34,4694,0,14,0,79,74,4489,0.0,93.9,60,205,31,0,19,28,4694
214e55e4-a089-412d-9598-a16495df0d25 2014 f14bf5cc-9a82-4a38-bc15-d39f75ed5314,6.98,176,58.482,262,0,23,3127,0,12,0,51,47,2827,0.0,82.1,38,300,38,0,10,18,3127
72fbe462-91c5-4c84-9640-e8ad7cad6447 2014 f14bf5cc-9a82-4a38-bc15-d39f75ed5314,7.227,33,67.01,65,0,4,701,0,0,0,35,35,684,0.0,105.2,15,17,4,0,1,5,701
bb5957e6-ce7d-47ab-8036-22191ffc1c44 2014 0d855753-ea21-4953-89f9-0e20aff9eb73,7.513999999999999,178,69.196,456,0,31,4952,0,17,0,69,69,4766,0.0,97.0,83,186,29,0,24,33,4952
de816e24-8442-49a4-99cd-dde7e7c05863 2014 f0e724b0-4cbf-495a-be47-013907608da9,5.428999999999999,1,42.857,3,0,0,38,0,0,0,20,20,38,0.0,100.0,0,0,0,0,0,1,38
22fb2b54-4936-4e8a-a48d-62096c0c9bb1 2014 de760528-1dc0-416a-a978-b510d20692ff,7.129,82,55.0,132,0,15,1711,0,5,0,49,48,1645,0.0,78.7,24,66,11,0,4,7,1711
3aef6950-1c19-4454-a3d0-0afe9634ea9f 2014 de760528-1dc0-416a-a978-b510d20692ff,10.0,0,100.0,1,0,0,10,0,0,0,10,0,10,0.0,108.3,0,0,0,0,0,0,10
b24625a0-d402-4d59-a778-aa4b073bfe5e 2014 de760528-1dc0-416a-a978-b510d20692ff,9.0,1,11.110999999999999,1,0,2,81,0,0,0,81,81,70,0.0,101.6,0,11,2,0,2,1,81
409d4cac-ee90-4470-9710-ebe671678339 2014 3d08af9e-c767-4f88-a7dc-b920c6d2b4a8,7.688,189,63.053000000000004,285,0,19,3475,0,7,0,80,80,3233,0.0,95.0,57,242,42,0,38,20,3475
7e5b8212-df93-4069-b3f0-be4b5cb47389 2014 3d08af9e-c767-4f88-a7dc-b920c6d2b4a8,17.0,0,100.0,1,0,0,17,0,0,0,17,0,17,0.0,118.8,0,0,0,0,0,0,17
7f3ef024-eb34-46af-8b9e-544cdf09378f 2015 768c92aa-75ff-4a43-bcc0-f2798c2e1724,7.987,115,63.684,242,34,22,3035,94,6,30,63,51,2823,1054.746,99.4,31,212,36,0,8,20,3035
8fc65820-f565-44e2-8635-3e1cdf165bf6 2015 768c92aa-75ff-4a43-bcc0-f2798c2e1724,4.0,0,100.0,1,0,0,4,0,0,0,4,0,4,3.252,83.3,1,0,0,0,0,0,4
06e41dc1-d5dc-4bdc-8fc3-e0d7c3a99ac4 2015 4809ecb0-abd3-451d-9c4a-92a90b83ca06,9.0,1,100.0,1,0,0,9,0,0,0,9,0,9,3.1010000000000004,104.2,0,0,0,0,0,0,9
5812204c-6dae-4450-8011-99e0f72864ac 2015 4809ecb0-abd3-451d-9c4a-92a90b83ca06,7.181,186,61.945,363,75,36,4208,138,12,68,54,54,3788,1461.582,88.7,68,420,45,2,21,24,4208
0742d2ea-1cf2-49a6-a150-77ba6e034d8c 2015 5fee86ae-74ab-4bdd-8416-42a9dd9964f3,6.9479999999999995,148,59.608999999999995,335,80,37,3905,139,15,47,69,69,3811,1292.3780000000004,88.0,72,94,19,0,9,31,3905
cfc93f5e-105e-4a5e-88d3-f4279893cfa8 2015 5fee86ae-74ab-4bdd-8416-42a9dd9964f3,6.31,14,64.286,27,5,3,265,9,1,4,28,4,246,106.25399999999996,87.9,4,19,3,0,1,2,265
41c44740-d0f6-44ab-8347-3b5d515e5ecf 2015 97354895-8c77-4fd4-a860-32e62ea7382a,7.644,157,64.423,402,47,51,4770,133,7,61,76,76,4545,1469.269,102.2,83,225,38,2,24,36,4770
42de9d1d-0352-460b-9172-9452414fd7fd 2015 97354895-8c77-4fd4-a860-32e62ea7382a,1.5,0,25.0,1,1,2,6,0,0,0,6,0,6,8.106,39.6,0,0,0,0,0,0,6
973bfe3c-6d0d-4130-a79c-f860650b1da6 2015 97354895-8c77-4fd4-a860-32e62ea7382a,36.0,0,100.0,1,0,0,36,0,0,0,36,0,36,3.557,118.8,0,0,0,0,0,0,36
d2a0e5af-3850-4f16-8e40-a0b1d15c2ce1 2015 ad4ae08f-d808-42d5-a1e6-e9bc4e34d123,8.42,135,66.062,255,36,19,3250,72,7,13,80,80,3132,881.0420000000001,106.3,56,118,20,0,15,25,3250
d4b30988-e8c5-4689-8037-f79a0d3c2774 2015 ad4ae08f-d808-42d5-a1e6-e9bc4e34d123,7.176,39,66.387,79,8,7,854,36,2,11,66,66,791,297.038,97.1,10,63,12,0,10,6,854
a261fd0a-b096-4db7-bd51-2f13bde485da 2015 d5a2eb42-8065-4174-ab79-0a6fa820e35e,7.223,129,63.699,186,33,15,2109,54,4,45,56,34,1972,742.143,93.3,40,137,23,0,11,12,2109
fa8cfe11-018a-4d4c-9588-c86cab0415c0 2015 d5a2eb42-8065-4174-ab79-0a6fa820e35e,5.819,41,59.574,56,7,7,547,37,3,8,42,42,451,230.441,66.2,12,96,11,0,7,1,547
1f09583f-dcc1-43e8-a7fc-f063d2c96508 2015 ebd87119-b331-4469-9ea6-d51fe3ce2f1c,6.75,22,65.0,52,7,0,540,20,4,7,48,41,513,192.547,76.0,8,27,3,0,6,3,540
64797df2-efd3-4b27-86ee-1d48f7edb09f 2015 ebd87119-b331-4469-9ea6-d51fe3ce2f1c,6.757999999999999,142,64.407,266,39,24,2791,92,12,22,50,50,2667,1037.506,83.1,52,124,16,5,20,14,2791
d4dd3d0b-5023-415d-ad15-94f294c561b1 2015 cb2f9f1f-ac67-424e-9e72-1475cb0ed398,9.327,18,58.181999999999995,32,7,2,513,15,4,2,88,88,496,126.312,77.3,9,17,2,0,1,3,513
ea357add-1a41-4a8b-8f34-bbfade7f4d98 2015 cb2f9f1f-ac67-424e-9e72-1475cb0ed398,8.397,127,68.017,319,47,25,3938,89,16,19,69,69,3797,1118.289,94.5,64,141,20,1,11,21,3938
e3181493-6a2a-4e95-aa6f-3fc1ddeb7512 2015 82cf9565-6eb9-4f01-bdbd-5aa0d472fcd9,6.42,118,55.29,162,52,12,1881,75,12,44,87,87,1793,807.1220000000002,74.9,36,88,15,2,11,15,1881
6723249c-5fb5-4b0a-9373-cb59cdc99ec8 2015 f7ddd7fa-0bae-4f90-bc8e-669e4d6cf2de,7.307,220,58.581,355,95,39,4428,153,18,48,90,90,4108,1491.2209999999998,88.2,90,320,51,3,22,35,4428
01291a8d-d97c-4d88-b497-b5ad4b72f626 2015 82d2d380-3834-4938-835f-aec541e5ece7,7.2620000000000005,21,61.905,26,4,2,305,9,0,4,44,15,290,84.109,107.7,9,15,2,1,1,3,305
af4ba620-2f00-4b00-9111-7897f2b1cde8 2015 82d2d380-3834-4938-835f-aec541e5ece7,7.062,94,60.705,224,43,26,2606,69,7,30,49,42,2421,921.5750000000003,91.4,43,185,25,0,10,19,2606
1c6daf8e-d6dc-4d88-a5fa-c3ebcd93a6e5 2015 d26a1ca5-722d-4274-8f97-c92e49c96315,7.071000000000001,12,71.429,10,2,1,99,5,0,0,29,5,65,32.808,114.9,2,34,3,0,0,1,99
7c16c04c-04de-41f3-ac16-ad6a9435e3f7 2015 d26a1ca5-722d-4274-8f97-c92e49c96315,7.6160000000000005,128,62.162,230,48,21,2818,85,10,29,61,61,2560,926.0369999999999,91.5,40,258,38,3,13,19,2818
0847010c-9a77-4f0b-9d63-c8b4b224d263 2015 ce92bd47-93d5-4fe9-ada4-0fc681e6caa0,7.153,80,61.818000000000005,170,38,18,1967,79,6,24,72,72,1816,706.7950000000002,86.4,35,151,23,0,13,10,1967
0045a36c-f464-49e0-a25a-9210edc94bc1 2015 6680d28d-d4d2-49f6-aace-5292d3ec02c2,2.0,0,100.0,2,0,0,4,0,0,0,6,0,4,3.2760000000000002,79.2,0,0,0,0,0,0,4
2fda010a-8c62-4c07-b601-4ba03f57e6af 2015 6680d28d-d4d2-49f6-aace-5292d3ec02c2,7.417000000000001,148,65.319,307,39,22,3486,96,7,30,80,80,3251,1107.1239999999998,95.4,59,235,45,0,25,20,3486
d96ff17c-841a-4768-8e08-3a4cfcb7f717 2015 6680d28d-d4d2-49f6-aace-5292d3ec02c2,3.0,0,100.0,1,0,0,3,0,0,0,3,0,3,0.0,79.2,0,0,0,0,0,0,3
9f026fc0-4449-4dc5-a226-2e2830619381 2015 1c1cec48-6352-4556-b789-35304c1a6ae1,6.957999999999999,201,61.082,350,65,46,3987,112,13,31,68,68,3757,1388.358,91.1,52,230,31,1,23,32,3987
01291a8d-d97c-4d88-b497-b5ad4b72f626 2015 e627eec7-bbae-4fa4-8e73-8e1d6bc5c060,7.531000000000001,23,72.449,71,12,3,738,11,2,5,67,42,676,261.053,92.1,10,62,8,0,1,2,738
8263e101-aa33-435f-bf0f-388e1c4eeb59 2015 e627eec7-bbae-4fa4-8e73-8e1d6bc5c060,6.255,64,58.333,119,24,16,1276,44,7,13,51,25,1190,555.161,70.6,23,86,14,2,6,5,1276
cc3640b0-7560-431f-84ab-599e9dc8cac6 2015 386bdbf9-9eea-4869-bb9a-274b0bc66e80,7.002000000000001,96,65.038,346,62,43,3725,99,14,60,78,78,3525,1341.056,86.4,50,200,28,1,16,19,3725
e6c40f79-1bbd-4f62-9391-7f535f110c0d 2015 386bdbf9-9eea-4869-bb9a-274b0bc66e80,6.769,15,64.835,59,9,4,616,20,4,8,43,39,562,236.128,80.7,3,54,9,0,3,4,616
6cb6226e-f08c-4192-95f1-69709ed686c6 2015 04aa1c9d-66da-489d-b16a-1dee3f2eec4d,7.172000000000001,103,62.621,387,64,41,4432,145,14,47,87,87,4275,1481.6350000000002,93.6,83,157,27,1,23,35,4432
3699dfd9-d437-43f7-b674-adbb31e7e64b 2015 22052ff7-c065-42ee-bc8f-c4691c50e624,11.636,4,63.636,7,1,1,128,2,0,0,71,71,115,25.796999999999997,133.9,1,13,1,0,0,1,128
8002dd5e-a75a-4d72-9a8c-0f4dbc80d459 2015 22052ff7-c065-42ee-bc8f-c4691c50e624,0.0,0,0.0,0,0,0,0,1,0,0,0,0,0,3.7119999999999997,39.6,0,0,0,0,1,0,0
bbd0942c-6f77-4f83-a6d0-66ec6548019e 2015 22052ff7-c065-42ee-bc8f-c4691c50e624,7.672000000000001,154,69.797,379,46,29,4166,117,11,56,78,78,3980,1390.352,101.6,78,186,26,0,18,29,4166
ade43b1a-0601-4672-83b6-d246bc066a19 2015 c5a59daa-53a7-4de0-851f-fb12be893e9e,7.199,211,67.23,398,60,30,4262,123,13,53,57,36,4011,1413.3479999999995,97.0,70,251,44,0,29,32,4262
0ce48193-e2fa-466e-a986-33f751add206 2015 a20471b4-a8d9-40c7-95ad-90cc30e46932,6.68,194,60.663999999999994,347,49,37,3821,143,8,57,65,65,3507,1472.2959999999996,92.7,91,314,46,1,36,31,3821
d4cb52a9-f6b4-42ed-b40b-27bff5f1eea7 2015 33405046-04ee-4058-a950-d606f8c30852,7.228,176,65.324,292,34,22,3231,149,9,49,52,47,2924,1227.4569999999999,88.7,42,307,44,0,43,14,3231
fb3b36fc-b985-4807-8199-d038d7e62a93 2015 4254d319-1bc7-4f81-b4ab-b5e6f3402b69,7.555,162,58.318000000000005,312,62,38,4042,128,15,87,68,50,3852,1346.904,84.2,72,190,27,2,17,22,4042
7e648a0b-fdc8-4661-a587-5826f2cac11b 2015 e6aa13a4-0055-48a9-bc41-be28dc106929,7.477,217,66.28699999999999,407,87,46,4591,113,16,61,70,70,4385,1522.2479999999998,89.0,73,206,30,0,13,21,4591
214e55e4-a089-412d-9598-a16495df0d25 2015 f14bf5cc-9a82-4a38-bc15-d39f75ed5314,7.752000000000001,197,59.798,296,61,36,3837,119,10,33,74,74,3553,1269.05,99.4,70,284,33,2,16,35,3837
72fbe462-91c5-4c84-9640-e8ad7cad6447 2015 f14bf5cc-9a82-4a38-bc15-d39f75ed5314,6.0,0,66.667,4,0,0,36,1,0,0,24,0,36,13.887999999999998,82.6,0,0,0,0,0,0,36
b4ce3e07-7848-4da2-a33e-4f04ce540ba5 2015 0d855753-ea21-4953-89f9-0e20aff9eb73,0.0,0,0.0,0,1,0,0,0,0,0,0,0,0,3.2560000000000002,39.6,0,0,0,0,0,0,0
bb5957e6-ce7d-47ab-8036-22191ffc1c44 2015 0d855753-ea21-4953-89f9-0e20aff9eb73,7.767,183,68.262,428,57,35,4870,126,11,45,80,80,4635,1488.8360000000002,101.0,69,235,31,2,18,32,4870
de816e24-8442-49a4-99cd-dde7e7c05863 2015 f0e724b0-4cbf-495a-be47-013907608da9,7.202000000000001,100,63.121,178,24,23,2031,72,7,21,71,71,1867,634.8580000000001,86.2,28,164,25,0,8,10,2031
22fb2b54-4936-4e8a-a48d-62096c0c9bb1 2015 de760528-1dc0-416a-a978-b510d20692ff,4.16,8,44.0,11,1,4,104,10,2,4,21,0,96,61.07699999999999,22.8,3,8,2,0,0,0,104
409d4cac-ee90-4470-9710-ebe671678339 2015 3d08af9e-c767-4f88-a7dc-b920c6d2b4a8,8.331,177,68.116,329,38,23,4024,135,8,69,80,80,3759,1200.667,110.1,53,265,45,2,29,34,4024
697200ea-cabb-40b8-aeac-e52763310306 2016 768c92aa-75ff-4a43-bcc0-f2798c2e1724,0.0,0,0.0,0,0,0,0,0,0,0,0,0,0,0.0,39.6,0,0,0,1,0,0,0
7f3ef024-eb34-46af-8b9e-544cdf09378f 2016 768c92aa-75ff-4a43-bcc0-f2798c2e1724,6.933,141,61.696999999999996,269,37,18,3023,92,6,38,84,84,2831,1269.23,89.7,33,192,42,1,22,17,3023
06e41dc1-d5dc-4bdc-8fc3-e0d7c3a99ac4 2016 4809ecb0-abd3-451d-9c4a-92a90b83ca06,0.0,1,0.0,0,0,0,0,0,0,0,0,0,0,0.93,39.6,0,0,0,0,0,0,0
5812204c-6dae-4450-8011-99e0f72864ac 2016 4809ecb0-abd3-451d-9c4a-92a90b83ca06,7.699,106,67.095,261,56,18,2995,53,12,50,74,74,2779,982.684,93.5,18,216,29,2,9,19,2995
0742d2ea-1cf2-49a6-a150-77ba6e034d8c 2016 5fee86ae-74ab-4bdd-8416-42a9dd9964f3,6.725,98,56.576,228,70,23,2710,61,17,41,57,24,2629,918.298,69.6,27,81,19,0,11,12,2710
cfc93f5e-105e-4a5e-88d3-f4279893cfa8 2016 5fee86ae-74ab-4bdd-8416-42a9dd9964f3,9.0,6,57.143,8,3,2,126,2,1,2,69,69,107,43.568999999999996,81.2,0,19,3,0,0,1,126
41c44740-d0f6-44ab-8347-3b5d515e5ecf 2016 97354895-8c77-4fd4-a860-32e62ea7382a,8.227,104,67.361,291,31,19,3554,52,2,39,79,79,3467,1034.004,112.2,32,87,15,1,19,28,3554
42de9d1d-0352-460b-9172-9452414fd7fd 2016 97354895-8c77-4fd4-a860-32e62ea7382a,7.968,21,68.25399999999999,43,2,3,502,6,0,7,37,37,487,140.474,113.3,3,15,3,0,0,4,502
ad2258ab-67f0-41c2-bcf3-f3ba145187dc 2016 97354895-8c77-4fd4-a860-32e62ea7382a,7.273,18,61.818000000000005,34,5,4,400,6,0,4,58,0,354,130.72600000000003,83.9,2,46,6,0,3,0,400
d2a0e5af-3850-4f16-8e40-a0b1d15c2ce1 2016 ad4ae08f-d808-42d5-a1e6-e9bc4e34d123,7.471,174,64.654,364,64,25,4206,75,8,29,86,86,3942,1345.2160000000001,91.8,27,264,41,2,31,18,4206
31c376b7-2e10-473a-aa54-d9f709a5b93e 2016 d5a2eb42-8065-4174-ab79-0a6fa820e35e,0.0,1,0.0,0,0,0,0,0,0,0,0,0,0,2.96,39.6,0,0,0,0,0,0,0
573f7acc-376b-4f37-8039-5c4c15c4a508 2016 d5a2eb42-8065-4174-ab79-0a6fa820e35e,7.077000000000001,76,65.641,128,20,5,1380,56,2,27,44,25,1240,533.1519999999999,92.3,9,140,21,1,13,6,1380
8dfb370d-460c-4bfc-9d62-888687248783 2016 d5a2eb42-8065-4174-ab79-0a6fa820e35e,6.027,42,59.184,87,10,16,886,20,3,16,58,12,748,407.07099999999997,72.5,10,138,22,0,4,2,886
a261fd0a-b096-4db7-bd51-2f13bde485da 2016 d5a2eb42-8065-4174-ab79-0a6fa820e35e,6.667000000000001,43,54.545,90,23,13,1100,21,6,18,54,31,974,455.007,72.3,9,126,18,1,6,6,1100
af48c3f0-040b-40f9-95ab-6ebcb4c16cf8 2016 d5a2eb42-8065-4174-ab79-0a6fa820e35e,4.556,1,55.556000000000004,5,1,0,41,3,0,0,26,0,40,22.235,67.4,1,1,1,0,0,0,41
cd571cfc-9b44-4b69-a801-431db9aaa85e 2016 d5a2eb42-8065-4174-ab79-0a6fa820e35e,4.0,5,53.846000000000004,14,5,2,104,4,2,6,17,0,94,75.99000000000002,31.6,1,10,2,0,2,0,104
20a0bad2-d530-4ff4-a2df-5c0a21a1f5db 2016 ebd87119-b331-4469-9ea6-d51fe3ce2f1c,0.0,0,0.0,0,0,0,0,0,0,0,0,0,0,0.0,39.6,1,0,0,0,0,0,0
64797df2-efd3-4b27-86ee-1d48f7edb09f 2016 ebd87119-b331-4469-9ea6-d51fe3ce2f1c,6.4239999999999995,196,64.881,436,63,38,4317,93,15,45,95,95,4074,1635.856,83.5,28,243,33,7,18,20,4317
d4dd3d0b-5023-415d-ad15-94f294c561b1 2016 cb2f9f1f-ac67-424e-9e72-1475cb0ed398,6.4879999999999995,26,61.628,53,11,7,558,9,2,5,51,26,524,237.953,86.3,5,34,4,1,1,4,558
ea357add-1a41-4a8b-8f34-bbfade7f4d98 2016 cb2f9f1f-ac67-424e-9e72-1475cb0ed398,7.502999999999999,88,64.44,328,67,29,3819,48,13,32,72,72,3678,1267.175,95.4,29,141,17,3,10,29,3819
e3181493-6a2a-4e95-aa6f-3fc1ddeb7512 2016 82cf9565-6eb9-4f01-bdbd-5aa0d472fcd9,7.78,185,63.486000000000004,346,74,33,4240,92,13,75,64,64,3972,1457.0960000000007,96.4,25,268,41,3,11,31,4240
4c3c6b63-aa1f-4452-9d1d-662073f06142 2016 f7ddd7fa-0bae-4f90-bc8e-669e4d6cf2de,20.0,0,100.0,1,0,0,20,0,0,0,20,20,20,3.533,158.3,0,0,0,0,0,1,20
6723249c-5fb5-4b0a-9373-cb59cdc99ec8 2016 f7ddd7fa-0bae-4f90-bc8e-669e4d6cf2de,6.247999999999999,192,58.88,368,90,36,3905,70,16,51,51,51,3708,1534.775,78.8,32,197,34,0,16,23,3905
0847010c-9a77-4f0b-9d63-c8b4b224d263 2016 82d2d380-3834-4938-835f-aec541e5ece7,5.797999999999999,157,59.02,301,71,30,2957,65,16,56,53,44,2751,1223.072,72.2,25,206,27,3,13,15,2957
ba2e7ff8-ed39-4fd1-85e3-d263a946a212 2016 82d2d380-3834-4938-835f-aec541e5ece7,6.315,20,63.013999999999996,46,10,3,461,7,0,10,32,0,425,200.92999999999995,80.9,1,36,5,0,3,0,461
7c16c04c-04de-41f3-ac16-ad6a9435e3f7 2016 d26a1ca5-722d-4274-8f97-c92e49c96315,7.596,125,61.196999999999996,276,58,17,3426,62,9,21,60,48,3270,1137.884,95.6,31,156,23,3,21,26,3426
8263e101-aa33-435f-bf0f-388e1c4eeb59 2016 d26a1ca5-722d-4274-8f97-c92e49c96315,5.569,21,58.824,30,9,3,284,6,2,3,50,14,261,132.93600000000004,71.0,8,23,5,2,2,2,284
e23dc743-ecee-4cf3-a263-69d3da3bae94 2016 ce92bd47-93d5-4fe9-ada4-0fc681e6caa0,6.997999999999999,122,59.465,289,67,18,3401,46,10,55,76,76,3214,1240.923,84.6,27,187,31,0,23,18,3401
2fda010a-8c62-4c07-b601-4ba03f57e6af 2016 6680d28d-d4d2-49f6-aace-5292d3ec02c2,7.162000000000001,113,67.07600000000001,328,41,33,3502,43,8,30,80,80,3362,1065.0169999999996,91.2,26,140,28,1,13,15,3502
c8232b55-6617-4dd9-a7cf-cf14cd9a29ab 2016 6680d28d-d4d2-49f6-aace-5292d3ec02c2,7.455,16,65.455,36,4,2,410,3,0,6,49,34,376,124.601,105.9,3,34,4,0,0,3,410
9f026fc0-4449-4dc5-a226-2e2830619381 2016 1c1cec48-6352-4556-b789-35304c1a6ae1,7.03,136,63.75,357,52,45,3937,70,6,18,75,75,3858,1259.758,96.7,33,79,16,2,19,28,3937
7092bb09-a161-4ab9-8d19-fdcf1a91bb3d 2016 e627eec7-bbae-4fa4-8e73-8e1d6bc5c060,0.0,0,0.0,0,0,0,0,0,0,0,0,0,0,1.195,39.6,0,0,0,0,0,0,0
86197778-8d4b-4eba-affe-08ef7be7c70b 2016 e627eec7-bbae-4fa4-8e73-8e1d6bc5c060,7.989,144,67.756,311,50,17,3667,66,4,39,83,83,3524,1204.4380000000006,104.9,31,143,25,2,11,23,3667
e6c40f79-1bbd-4f62-9391-7f535f110c0d 2016 e627eec7-bbae-4fa4-8e73-8e1d6bc5c060,5.167000000000001,6,55.556000000000004,10,2,1,93,5,2,2,33,0,68,51.87499999999999,30.3,1,25,3,0,2,0,93
0045a36c-f464-49e0-a25a-9210edc94bc1 2016 386bdbf9-9eea-4869-bb9a-274b0bc66e80,16.0,0,100.0,1,0,0,16,1,0,1,16,0,16,3.275,118.8,0,0,0,0,0,0,16
e9a5c16b-4472-4be9-8030-3f77be7890cb 2016 386bdbf9-9eea-4869-bb9a-274b0bc66e80,6.231,159,62.438,379,68,39,3782,64,14,63,73,73,3569,1530.26,79.3,36,213,33,2,22,16,3782
6cb6226e-f08c-4192-95f1-69709ed686c6 2016 04aa1c9d-66da-489d-b16a-1dee3f2eec4d,6.734,119,63.043,377,82,38,4027,56,16,43,75,75,3885,1395.8059999999996,86.0,32,142,21,0,9,26,4027
bbd0942c-6f77-4f83-a6d0-66ec6548019e 2016 22052ff7-c065-42ee-bc8f-c4691c50e624,8.113999999999999,152,66.997,406,56,23,4917,75,12,54,80,80,4727,1532.2930000000006,97.2,31,190,23,3,27,25,4917
9de98c5e-ee62-4a2b-be93-07287d831e06 2016 7b112545-38e6-483c-a55c-96cf6ee49cb8,2.0,0,100.0,1,0,0,2,0,0,0,2,2,2,1.294,118.8,1,0,0,0,0,1,2
af4ba620-2f00-4b00-9111-7897f2b1cde8 2016 7b112545-38e6-483c-a55c-96cf6ee49cb8,7.225,38,67.0,134,15,10,1445,18,0,16,64,21,1427,446.81,98.0,13,18,4,2,6,6,1445
da7cb0cc-543e-47d5-b29a-2ba2b341bd14 2016 7b112545-38e6-483c-a55c-96cf6ee49cb8,7.457999999999999,71,59.722,129,40,18,1611,26,14,12,37,31,1568,534.2180000000002,68.3,13,43,6,0,1,8,1611
eab69ec2-9cba-4783-8260-cf99121ed2c8 2016 7b112545-38e6-483c-a55c-96cf6ee49cb8,4.4,0,40.0,2,1,0,22,0,0,0,12,0,17,14.392000000000001,53.8,0,5,1,0,0,0,22
ade43b1a-0601-4672-83b6-d246bc066a19 2016 c5a59daa-53a7-4de0-851f-fb12be893e9e,7.285,158,65.32,388,61,31,4327,103,10,42,73,73,4111,1382.4450000000004,93.3,42,216,37,3,16,24,4327
0ce48193-e2fa-466e-a986-33f751add206 2016 a20471b4-a8d9-40c7-95ad-90cc30e46932,7.2589999999999995,151,65.738,401,57,27,4428,84,7,41,66,66,4182,1635.0000000000002,104.2,48,246,35,2,25,40,4428
e97f5ca9-186e-4346-ae65-1cd757ada455 2016 a20471b4-a8d9-40c7-95ad-90cc30e46932,1.7,1,20.0,2,2,3,17,0,1,1,9,0,17,26.293000000000003,0.0,0,0,0,0,0,0,17
cc3640b0-7560-431f-84ab-599e9dc8cac6 2016 33405046-04ee-4058-a950-d606f8c30852,7.024,140,71.558,395,58,18,3877,55,5,60,71,71,3601,1356.3770000000004,99.3,32,276,37,0,13,20,3877
e1235f1e-26ce-438c-8168-3b1ded4ab893 2016 4254d319-1bc7-4f81-b4ab-b5e6f3402b69,6.818,2,90.90899999999999,10,0,1,75,1,0,1,13,2,75,26.506999999999998,125.4,1,0,0,0,0,1,75
fb3b36fc-b985-4807-8199-d038d7e62a93 2016 4254d319-1bc7-4f81-b4ab-b5e6f3402b69,7.212999999999999,178,60.847,345,72,19,4090,83,18,71,45,45,3851,1502.3059999999994,86.1,38,239,35,0,15,28,4090
1f09583f-dcc1-43e8-a7fc-f063d2c96508 2016 e6aa13a4-0055-48a9-bc41-be28dc106929,5.332999999999999,2,33.333,1,0,0,16,0,0,1,16,0,16,6.565,52.1,0,0,0,0,1,0,16
7e648a0b-fdc8-4661-a587-5826f2cac11b 2016 e6aa13a4-0055-48a9-bc41-be28dc106929,9.258,168,69.85,373,60,20,4944,53,7,67,76,76,4709,1358.411,117.1,35,235,37,0,18,38,4944
214e55e4-a089-412d-9598-a16495df0d25 2016 f14bf5cc-9a82-4a38-bc15-d39f75ed5314,6.88,208,52.941,270,91,34,3509,65,14,53,88,88,3232,1313.8970000000004,75.8,33,277,36,3,23,19,3509
72fbe462-91c5-4c84-9640-e8ad7cad6447 2016 f14bf5cc-9a82-4a38-bc15-d39f75ed5314,8.547,8,67.925,36,8,1,453,7,5,3,48,16,453,120.46699999999998,67.6,3,0,0,0,0,2,453
8482bc94-0eb0-4e92-8f99-ced135f3cd5d 2016 0d855753-ea21-4953-89f9-0e20aff9eb73,50.0,1,100.0,1,0,0,50,0,0,1,50,50,50,2.635,158.3,0,0,0,0,0,1,50
bb5957e6-ce7d-47ab-8036-22191ffc1c44 2016 0d855753-ea21-4953-89f9-0e20aff9eb73,7.7379999999999995,154,69.985,471,79,25,5208,50,15,41,98,98,5024,1535.2390000000007,101.7,69,184,27,7,18,37,5208
de816e24-8442-49a4-99cd-dde7e7c05863 2016 f0e724b0-4cbf-495a-be47-013907608da9,5.781000000000001,50,56.875,91,23,12,925,16,6,8,75,75,877,384.46,68.4,9,48,11,0,4,5,925
22fb2b54-4936-4e8a-a48d-62096c0c9bb1 2016 de760528-1dc0-416a-a978-b510d20692ff,4.0,16,39.583,19,13,6,192,5,3,7,29,29,184,112.93800000000002,39.6,0,8,1,1,1,2,192
b6a61b38-5cfa-46eb-b1c5-b0255d7ebaf5 2016 de760528-1dc0-416a-a978-b510d20692ff,0.0,0,0.0,0,0,0,0,0,0,0,0,0,0,3.6510000000000002,39.6,0,0,0,0,0,0,0
1b3d350a-478b-4542-a430-d12cc96adc22 2016 2eff2a03-54d4-46ba-890e-2bc3925548f3,6.835,105,60.87,196,46,15,2201,48,11,22,65,65,2061,744.2669999999999,76.4,18,140,23,0,2,9,2201
4f724338-aa8c-436d-90b2-45299572c53e 2016 2eff2a03-54d4-46ba-890e-2bc3925548f3,0.0,1,0.0,0,1,0,0,0,1,0,0,0,0,1.13,0.0,0,0,0,0,0,0,0
91ead748-e3b0-4926-bd3b-3e327b44e6bc 2016 2eff2a03-54d4-46ba-890e-2bc3925548f3,3.167,1,50.0,3,2,1,19,0,1,0,9,0,19,11.376,17.4,0,0,0,0,0,0,19
aba8f925-ffbf-4654-bfa7-a25d3d237494 2016 2eff2a03-54d4-46ba-890e-2bc3925548f3,5.312,81,54.63399999999999,112,30,15,1089,26,7,23,66,24,867,523.962,63.6,8,222,26,1,3,5,1089
409d4cac-ee90-4470-9710-ebe671678339 2016 3d08af9e-c767-4f88-a7dc-b920c6d2b4a8,7.727,165,64.652,353,52,22,4219,108,11,64,59,57,3926,1347.7980000000002,92.6,31,293,41,2,25,21,4219
8ac8cc85-6599-4956-819e-0887ccb72993 2016 3d08af9e-c767-4f88-a7dc-b920c6d2b4a8,43.0,0,100.0,1,0,0,43,0,0,0,43,0,43,0.7809999999999999,118.8,0,0,0,0,0,0,43
e1b29179-074b-4c91-8797-763b76ac618a 2016 3d08af9e-c767-4f88-a7dc-b920c6d2b4a8,15.0,0,100.0,1,0,0,15,0,0,0,15,15,15,2.019,158.3,1,0,0,0,0,1,15
250199f2-1387-4b55-b96f-17fedea6db7f 2017 768c92aa-75ff-4a43-bcc0-f2798c2e1724,5.0,1,28.570999999999998,2,4,0,35,0,1,0,34,0,35,18.901,8.3,0,0,0,0,0,0,35
4e4ba1f9-35c6-4e41-85f5-d8f12d32f459 2017 768c92aa-75ff-4a43-bcc0-f2798c2e1724,5.143,10,48.98,24,12,4,252,5,5,4,21,8,247,109.152,38.4,5,5,1,1,0,2,252
7f3ef024-eb34-46af-8b9e-544cdf09378f 2017 768c92aa-75ff-4a43-bcc0-f2798c2e1724,6.664,129,62.619,263,44,19,2799,84,4,37,47,26,2543,1215.4410000000005,89.2,38,256,46,0,11,14,2799
06e41dc1-d5dc-4bdc-8fc3-e0d7c3a99ac4 2017 4809ecb0-abd3-451d-9c4a-92a90b83ca06,0.0,0,0.0,0,0,0,0,0,0,1,0,0,0,1.676,39.6,0,0,0,0,0,0,0
eab69ec2-9cba-4783-8260-cf99121ed2c8 2017 4809ecb0-abd3-451d-9c4a-92a90b83ca06,6.162999999999999,7,67.442,29,6,1,265,8,1,3,26,1,257,104.103,82.0,3,8,1,0,1,1,265
a261fd0a-b096-4db7-bd51-2f13bde485da 2017 5fee86ae-74ab-4bdd-8416-42a9dd9964f3,7.37,128,67.25399999999999,267,43,22,2926,64,9,38,69,69,2662,1002.293,94.5,15,264,39,5,12,18,2926
41c44740-d0f6-44ab-8347-3b5d515e5ecf 2017 97354895-8c77-4fd4-a860-32e62ea7382a,7.877999999999999,143,66.265,385,55,30,4577,64,8,44,64,64,4376,1545.87,102.8,36,201,35,0,12,32,4577
af4ba620-2f00-4b00-9111-7897f2b1cde8 2017 97354895-8c77-4fd4-a860-32e62ea7382a,7.0,4,66.667,4,0,0,42,0,0,0,27,0,42,12.229,86.8,0,0,0,0,0,0,42
d2a0e5af-3850-4f16-8e40-a0b1d15c2ce1 2017 ad4ae08f-d808-42d5-a1e6-e9bc4e34d123,6.694,139,59.879,297,73,27,3320,67,12,19,77,77,3065,1207.338,86.6,31,255,39,1,30,25,3320
d4b30988-e8c5-4689-8037-f79a0d3c2774 2017 ad4ae08f-d808-42d5-a1e6-e9bc4e34d123,4.7139999999999995,2,50.0,7,2,0,66,3,0,1,27,0,57,39.874,63.4,0,9,1,0,1,0,66
2a78e2e7-4ef3-4cdd-85e8-0d254b65143e 2017 d5a2eb42-8065-4174-ab79-0a6fa820e35e,6.08,134,53.571000000000005,255,57,33,2894,64,22,54,56,56,2668,1274.9139999999998,60.5,20,226,38,1,16,11,2894
573f7acc-376b-4f37-8039-5c4c15c4a508 2017 d5a2eb42-8065-4174-ab79-0a6fa820e35e,5.478,13,47.826,11,1,2,126,7,1,3,31,0,78,75.415,46.6,0,48,6,0,3,0,126
cd571cfc-9b44-4b69-a801-431db9aaa85e 2017 d5a2eb42-8065-4174-ab79-0a6fa820e35e,6.893,33,61.333,46,7,2,517,9,5,10,49,41,482,192.778,71.9,2,35,6,0,1,4,517
64797df2-efd3-4b27-86ee-1d48f7edb09f 2017 ebd87119-b331-4469-9ea6-d51fe3ce2f1c,5.721,158,64.117,352,57,26,3141,83,13,30,66,48,2936,1325.125,80.4,29,205,27,3,21,18,3141
d4dd3d0b-5023-415d-ad15-94f294c561b1 2017 cb2f9f1f-ac67-424e-9e72-1475cb0ed398,8.536,13,82.14299999999999,23,1,0,239,1,1,1,46,20,224,72.976,99.3,0,15,3,0,0,1,239
ea357add-1a41-4a8b-8f34-bbfade7f4d98 2017 cb2f9f1f-ac67-424e-9e72-1475cb0ed398,7.577999999999999,132,64.171,360,66,23,4251,62,14,31,97,97,4112,1394.957,93.4,38,139,21,4,8,28,4251
ad2258ab-67f0-41c2-bcf3-f3ba145187dc 2017 82cf9565-6eb9-4f01-bdbd-5aa0d472fcd9,6.606,160,58.849,276,51,31,3098,98,7,48,80,80,2793,1309.224,81.7,15,305,52,3,33,13,3098
4c3c6b63-aa1f-4452-9d1d-662073f06142 2017 f7ddd7fa-0bae-4f90-bc8e-669e4d6cf2de,0.0,0,0.0,0,0,0,0,0,0,1,0,0,0,2.134,39.6,0,0,0,0,0,0,0
6723249c-5fb5-4b0a-9373-cb59cdc99ec8 2017 f7ddd7fa-0bae-4f90-bc8e-669e4d6cf2de,7.05,173,60.229,315,56,32,3687,103,13,47,75,75,3564,1328.2579999999996,84.7,29,123,24,1,26,21,3687
f55053e4-4bfd-495d-981a-d62e3662f01b 2017 f7ddd7fa-0bae-4f90-bc8e-669e4d6cf2de,0.0,0,0.0,0,2,0,0,0,0,1,0,0,0,6.0939999999999985,39.6,0,0,0,0,0,0,0
2c259733-ec2c-4e3c-bb7b-34dc0d37dc34 2017 82d2d380-3834-4938-835f-aec541e5ece7,10.0,2,100.0,1,0,0,10,0,0,0,10,0,-6,4.506,108.3,0,16,1,0,0,0,10
ba2e7ff8-ed39-4fd1-85e3-d263a946a212 2017 82d2d380-3834-4938-835f-aec541e5ece7,6.332000000000001,77,56.053999999999995,125,37,12,1412,31,6,27,57,34,1253,583.7379999999998,71.4,17,159,21,1,3,5,1412
eec5265c-7731-4bb6-8af2-4f98a67f9ab7 2017 82d2d380-3834-4938-835f-aec541e5ece7,8.328,74,61.765,126,25,4,1699,45,8,19,72,72,1583,584.035,103.0,15,116,19,2,5,19,1699
7c16c04c-04de-41f3-ac16-ad6a9435e3f7 2017 d26a1ca5-722d-4274-8f97-c92e49c96315,7.135,132,62.031000000000006,281,53,18,3232,62,15,21,75,75,3059,1178.639,79.3,19,173,27,1,20,13,3232
8263e101-aa33-435f-bf0f-388e1c4eeb59 2017 d26a1ca5-722d-4274-8f97-c92e49c96315,3.8569999999999998,22,59.523999999999994,25,8,0,162,5,2,3,17,11,132,117.343,55.9,0,30,8,0,3,1,162
0847010c-9a77-4f0b-9d63-c8b4b224d263 2017 ce92bd47-93d5-4fe9-ada4-0fc681e6caa0,6.3260000000000005,42,55.81399999999999,96,27,14,1088,27,5,20,54,54,1024,432.288,72.5,8,64,10,2,8,5,1088
e23dc743-ecee-4cf3-a263-69d3da3bae94 2017 ce92bd47-93d5-4fe9-ada4-0fc681e6caa0,6.547000000000001,90,59.026,206,42,17,2285,55,14,21,44,25,2065,911.622,73.3,16,220,33,0,10,12,2285
e47706c7-e14d-41fb-b13b-83a835a1f3bc 2017 1f6dcffb-9823-43cd-9ff4-e7a8466749b5,7.852,167,62.608999999999995,360,60,29,4515,89,10,50,75,75,4395,1411.9140000000007,96.0,31,120,18,2,25,28,4515
01d8aee3-e1c4-4988-970a-8c0c2d08bd83 2017 6680d28d-d4d2-49f6-aace-5292d3ec02c2,0.0,0,0.0,0,0,0,0,0,1,0,0,0,0,2.2359999999999998,0.0,1,0,0,0,0,0,0
11cad59d-90dd-449c-a839-dddaba4fe16c 2017 6680d28d-d4d2-49f6-aace-5292d3ec02c2,8.113999999999999,13,62.857,22,3,3,284,10,1,7,51,0,269,73.62499999999999,76.4,0,15,2,0,1,0,284
2fda010a-8c62-4c07-b601-4ba03f57e6af 2017 6680d28d-d4d2-49f6-aace-5292d3ec02c2,8.004,105,67.525,341,33,26,4042,71,5,36,79,79,3835,1280.549,104.7,31,207,35,1,20,26,4042
b13ba4c3-5761-40fb-aa6a-935f09c39a6b 2017 6680d28d-d4d2-49f6-aace-5292d3ec02c2,0.0,1,0.0,0,0,0,0,1,0,0,0,0,0,1.2670000000000001,39.6,0,0,0,0,0,0,0
c3859e06-5f23-4302-a71b-04820a899d5f 2017 6680d28d-d4d2-49f6-aace-5292d3ec02c2,0.0,0,0.0,0,0,0,0,0,1,0,0,0,0,5.1979999999999995,0.0,0,0,0,0,0,0,0
9f026fc0-4449-4dc5-a226-2e2830619381 2017 1c1cec48-6352-4556-b789-35304c1a6ae1,6.787999999999999,112,62.718,323,61,34,3496,63,13,22,87,87,3395,1248.812,86.4,24,101,20,0,13,22,3496
4595c8ea-9d85-4504-8a34-2c8a02349105 2017 e627eec7-bbae-4fa4-8e73-8e1d6bc5c060,0.667,0,33.333,1,1,0,2,0,0,0,2,0,2,6.99,42.4,1,0,0,0,0,0,2
86197778-8d4b-4eba-affe-08ef7be7c70b 2017 e627eec7-bbae-4fa4-8e73-8e1d6bc5c060,6.784,131,62.857,308,58,23,3324,67,13,44,81,81,3139,1317.2560000000005,86.6,36,185,32,2,18,22,3324
c8232b55-6617-4dd9-a7cf-cf14cd9a29ab 2017 386bdbf9-9eea-4869-bb9a-274b0bc66e80,5.317,28,56.43600000000001,57,11,7,537,8,2,14,35,17,493,264.446,79.5,6,44,5,0,5,5,537
e1c506bd-9e36-45e7-b2b9-fff6a9728a06 2017 386bdbf9-9eea-4869-bb9a-274b0bc66e80,5.8260000000000005,8,82.609,19,2,1,134,7,0,2,16,0,110,58.63499999999999,90.9,0,24,3,0,0,0,134
e9a5c16b-4472-4be9-8030-3f77be7890cb 2017 386bdbf9-9eea-4869-bb9a-274b0bc66e80,7.4910000000000005,162,60.227,265,61,18,3296,73,7,44,72,72,3134,1150.562,101.9,33,162,28,0,11,33,3296
6cb6226e-f08c-4192-95f1-69709ed686c6 2017 04aa1c9d-66da-489d-b16a-1dee3f2eec4d,6.074,129,61.646,352,65,42,3468,53,13,24,77,77,3279,1388.6070000000002,80.4,22,189,31,0,13,19,3468
cfc93f5e-105e-4a5e-88d3-f4279893cfa8 2017 04aa1c9d-66da-489d-b16a-1dee3f2eec4d,5.888999999999999,11,58.333,21,6,3,212,9,0,3,47,10,200,95.55500000000002,84.5,2,12,3,0,2,1,212
bbd0942c-6f77-4f83-a6d0-66ec6548019e 2017 22052ff7-c065-42ee-bc8f-c4691c50e624,7.58,142,64.259,347,67,25,4093,64,13,52,74,52,3751,1425.7010000000002,93.9,30,342,41,0,12,27,4093
7a1b8f1a-9024-4897-86b0-01c63e00305e 2017 7b112545-38e6-483c-a55c-96cf6ee49cb8,6.645,116,59.394,196,39,18,2193,44,7,25,70,46,1997,891.465,77.5,13,196,31,1,10,7,2193
a8342d20-9901-49a6-bc45-79f192418188 2017 7b112545-38e6-483c-a55c-96cf6ee49cb8,10.5,0,50.0,1,1,0,21,0,0,0,21,21,21,6.926,127.1,0,0,0,0,0,1,21
e1235f1e-26ce-438c-8168-3b1ded4ab893 2017 7b112545-38e6-483c-a55c-96cf6ee49cb8,5.95,34,66.429,93,18,10,833,25,5,15,29,19,755,346.64800000000014,76.9,8,78,8,0,3,4,833
ade43b1a-0601-4672-83b6-d246bc066a19 2017 c5a59daa-53a7-4de0-851f-fb12be893e9e,7.869,177,65.664,371,66,22,4446,88,10,41,71,71,4159,1470.536,99.3,31,287,47,0,10,29,4446
0ce48193-e2fa-466e-a986-33f751add206 2017 a20471b4-a8d9-40c7-95ad-90cc30e46932,7.037999999999999,78,64.706,154,21,11,1675,50,6,15,72,33,1507,607.8580000000001,97.2,18,168,22,1,13,16,1675
3283f152-d373-43b3-b88f-f6f261c48e81 2017 a20471b4-a8d9-40c7-95ad-90cc30e46932,10.0,0,100.0,1,0,0,10,0,0,0,10,0,10,3.5980000000000003,108.3,0,0,0,0,0,0,10
e97f5ca9-186e-4346-ae65-1cd757ada455 2017 a20471b4-a8d9-40c7-95ad-90cc30e46932,5.81,103,60.75899999999999,192,33,13,1836,53,12,28,55,55,1639,872.067,70.6,10,197,29,0,24,9,1836
1b3d350a-478b-4542-a430-d12cc96adc22 2017 33405046-04ee-4058-a950-d606f8c30852,7.374,166,67.568,325,55,18,3547,95,7,45,65,65,3411,1317.5739999999996,98.3,26,136,22,0,20,22,3547
cc3640b0-7560-431f-84ab-599e9dc8cac6 2017 33405046-04ee-4058-a950-d606f8c30852,8.884,10,74.419,32,4,1,382,7,0,4,44,18,342,118.37,124.4,4,40,5,0,0,3,382
d4cb52a9-f6b4-42ed-b40b-27bff5f1eea7 2017 33405046-04ee-4058-a950-d606f8c30852,0.0,0,0.0,0,1,1,0,1,1,0,0,0,0,6.131,0.0,0,0,0,0,0,0,0
0742d2ea-1cf2-49a6-a150-77ba6e034d8c 2017 4254d319-1bc7-4f81-b4ab-b5e6f3402b69,6.767,56,58.896,96,17,10,1103,19,3,20,41,37,1069,398.278,86.0,10,34,7,0,4,7,1103
fb3b36fc-b985-4807-8199-d038d7e62a93 2017 4254d319-1bc7-4f81-b4ab-b5e6f3402b69,7.928,150,63.801,282,47,16,3504,50,11,32,70,58,3297,1187.9720000000002,92.2,19,207,33,3,9,19,3504
1726a359-9444-4761-a1f2-cb35ee6fa60e 2017 e6aa13a4-0055-48a9-bc41-be28dc106929,51.0,0,100.0,1,0,0,51,0,0,0,51,51,51,3.0189999999999997,158.3,0,0,0,0,0,1,51
7e648a0b-fdc8-4661-a587-5826f2cac11b 2017 e6aa13a4-0055-48a9-bc41-be28dc106929,7.7410000000000005,168,64.65,342,54,35,4095,69,12,56,88,88,3939,1314.4450000000004,91.4,28,156,24,3,16,20,4095
214e55e4-a089-412d-9598-a16495df0d25 2017 f14bf5cc-9a82-4a38-bc15-d39f75ed5314,6.711,142,59.146,291,72,20,3302,63,16,34,64,40,3060,1329.7,80.7,26,242,35,2,17,22,3302
72fbe462-91c5-4c84-9640-e8ad7cad6447 2017 f14bf5cc-9a82-4a38-bc15-d39f75ed5314,2.125,1,25.0,2,0,0,17,0,0,0,9,0,17,18.083,39.6,1,0,0,0,0,0,17
bb5957e6-ce7d-47ab-8036-22191ffc1c44 2017 0d855753-ea21-4953-89f9-0e20aff9eb73,8.086,118,72.015,386,49,15,4334,63,8,36,54,54,4189,1300.7009999999998,103.9,40,145,20,3,20,23,4334
42de9d1d-0352-460b-9172-9452414fd7fd 2017 f0e724b0-4cbf-495a-be47-013907608da9,8.764,63,67.416,120,15,8,1560,29,5,14,61,12,1503,445.255,96.2,23,57,8,2,3,7,1560
6608fdbf-6c93-47cc-ad44-9da2fda598ce 2017 f0e724b0-4cbf-495a-be47-013907608da9,6.3839999999999995,63,54.911,123,34,14,1430,30,6,29,83,83,1289,586.116,69.2,8,141,19,1,7,4,1430
af4ba620-2f00-4b00-9111-7897f2b1cde8 2017 f0e724b0-4cbf-495a-be47-013907608da9,6.0729999999999995,84,58.049,119,23,19,1245,29,4,20,59,6,1133,521.309,74.1,13,112,16,0,4,4,1245
22fb2b54-4936-4e8a-a48d-62096c0c9bb1 2017 de760528-1dc0-416a-a978-b510d20692ff,5.622999999999999,38,49.68600000000001,79,29,11,894,18,5,23,52,25,854,394.03,66.4,9,40,7,0,4,6,894
b6a61b38-5cfa-46eb-b1c5-b0255d7ebaf5 2017 de760528-1dc0-416a-a978-b510d20692ff,21.0,0,100.0,1,0,0,21,0,0,0,21,0,21,4.285,118.8,0,0,0,0,0,0,21
de816e24-8442-49a4-99cd-dde7e7c05863 2017 de760528-1dc0-416a-a978-b510d20692ff,6.351,63,55.556000000000004,95,32,10,1086,20,6,10,52,52,937,424.691,71.9,6,149,23,0,1,6,1086
2806e915-c46f-492f-8a29-71d3a85e5620 2017 2eff2a03-54d4-46ba-890e-2bc3925548f3,0.0,0,0.0,0,0,0,0,0,0,0,0,0,0,0.7979999999999999,39.6,0,0,0,0,0,0,0
91ead748-e3b0-4926-bd3b-3e327b44e6bc 2017 2eff2a03-54d4-46ba-890e-2bc3925548f3,5.0,4,59.458999999999996,22,4,3,185,1,0,2,50,0,165,90.142,72.5,1,20,3,0,0,0,185
aba8f925-ffbf-4654-bfa7-a25d3d237494 2017 2eff2a03-54d4-46ba-890e-2bc3925548f3,7.975,135,62.055,296,42,17,3804,64,7,42,94,94,3632,1298.506,100.5,48,172,25,2,17,28,3804
409d4cac-ee90-4470-9710-ebe671678339 2017 3d08af9e-c767-4f88-a7dc-b920c6d2b4a8,7.202999999999999,139,61.302,339,65,31,3983,131,11,70,74,74,3661,1517.4910000000007,95.4,35,322,43,4,35,34,3983
8ac8cc85-6599-4956-819e-0887ccb72993 2017 3d08af9e-c767-4f88-a7dc-b920c6d2b4a8,0.0,0,0.0,0,1,0,0,0,1,0,0,0,0,2.021,0.0,0,0,0,0,0,0,0
3069db07-aa43-4503-ab11-2ae5c0002721 2018 768c92aa-75ff-4a43-bcc0-f2798c2e1724,6.481,126,52.812,169,38,18,2074,54,12,33,75,75,1861,852.2270000000002,67.9,15,213,28,0,17,10,2074
4e4ba1f9-35c6-4e41-85f5-d8f12d32f459 2018 768c92aa-75ff-4a43-bcc0-f2798c2e1724,3.654,32,54.321000000000005,44,16,3,296,12,7,7,26,16,262,209.288,30.7,3,34,7,0,3,1,296
72fbe462-91c5-4c84-9640-e8ad7cad6447 2018 768c92aa-75ff-4a43-bcc0-f2798c2e1724,6.643,18,60.0,42,12,3,465,14,4,5,40,0,432,178.98799999999991,56.0,0,33,5,0,1,0,465
a28f7368-0306-4d20-855f-285a1a09c09c 2018 768c92aa-75ff-4a43-bcc0-f2798c2e1724,0.0,0,0.0,0,0,0,0,0,0,1,0,0,0,1.138,39.6,1,0,0,0,0,0,0
b24625a0-d402-4d59-a778-aa4b073bfe5e 2018 768c92aa-75ff-4a43-bcc0-f2798c2e1724,15.0,0,100.0,1,0,0,15,0,0,0,15,0,15,0.0,118.8,0,0,0,0,0,0,15
da7cb0cc-543e-47d5-b29a-2ba2b341bd14 2018 768c92aa-75ff-4a43-bcc0-f2798c2e1724,9.28,8,60.0,15,6,0,232,2,0,3,47,8,224,60.766000000000005,117.4,5,8,1,0,0,2,232
0847010c-9a77-4f0b-9d63-c8b4b224d263 2018 4809ecb0-abd3-451d-9c4a-92a90b83ca06,7.006,41,63.483000000000004,113,19,5,1247,31,4,11,75,75,1117,450.65,86.0,2,130,17,1,11,6,1247
2958ea86-e2dc-4719-93e5-cc9d093ca963 2018 4809ecb0-abd3-451d-9c4a-92a90b83ca06,52.0,0,100.0,1,0,0,52,0,0,0,52,52,52,1.083,158.3,0,0,0,0,0,1,52
4734f8dc-2ca4-4437-88f2-c8b8974abefc 2018 4809ecb0-abd3-451d-9c4a-92a90b83ca06,3.0,0,100.0,1,0,0,3,0,0,0,3,3,3,1.15,118.8,1,0,0,0,0,1,3
5812204c-6dae-4450-8011-99e0f72864ac 2018 4809ecb0-abd3-451d-9c4a-92a90b83ca06,7.223,97,64.234,176,37,11,1979,30,9,32,75,75,1700,732.8559999999999,92.7,13,279,35,1,9,17,1979
973bfe3c-6d0d-4130-a79c-f860650b1da6 2018 4809ecb0-abd3-451d-9c4a-92a90b83ca06,28.0,0,100.0,1,0,0,28,0,0,0,28,28,28,0.99,158.3,0,0,0,0,0,1,28
13d826c5-9b22-4e0a-a877-02d8c84c546b 2018 5fee86ae-74ab-4bdd-8416-42a9dd9964f3,6.92,107,57.729,239,56,19,2865,69,15,12,76,76,2661,1051.2039999999997,77.6,19,204,30,1,24,17,2865
a261fd0a-b096-4db7-bd51-2f13bde485da 2018 5fee86ae-74ab-4bdd-8416-42a9dd9964f3,4.9,47,54.545,60,15,7,539,8,4,14,41,16,504,274.536,55.8,6,35,7,1,3,1,539
2bb70d56-a79a-4fa1-ae37-99858a3ffd55 2018 97354895-8c77-4fd4-a860-32e62ea7382a,21.5,0,100.0,2,0,0,43,0,0,0,37,0,43,2.073,118.8,0,0,0,0,0,0,43
41c44740-d0f6-44ab-8347-3b5d515e5ecf 2018 97354895-8c77-4fd4-a860-32e62ea7382a,7.64,108,65.789,375,43,25,4355,48,11,39,63,63,4208,1421.1950000000004,97.7,41,147,21,2,22,29,4355
af4ba620-2f00-4b00-9111-7897f2b1cde8 2018 97354895-8c77-4fd4-a860-32e62ea7382a,3.5,0,50.0,1,0,0,7,0,0,0,7,0,7,2.7350000000000003,58.3,0,0,0,0,0,0,7
4d517d8f-fe4d-4c89-9a2a-fee836ba4a71 2018 ad4ae08f-d808-42d5-a1e6-e9bc4e34d123,5.699,57,59.659,105,17,12,1003,9,2,16,37,30,881,451.10100000000017,82.2,8,122,16,0,5,6,1003
76a5edec-5ff7-49fa-a8ec-5768a372279d 2018 ad4ae08f-d808-42d5-a1e6-e9bc4e34d123,0.0,1,0.0,0,0,0,0,0,0,1,0,0,0,3.1489999999999996,39.6,0,0,0,0,0,0,0
d2a0e5af-3850-4f16-8e40-a0b1d15c2ce1 2018 ad4ae08f-d808-42d5-a1e6-e9bc4e34d123,7.03,100,61.918,226,54,18,2566,54,11,15,49,39,2409,894.6160000000001,89.6,24,157,21,3,9,21,2566
06e41dc1-d5dc-4bdc-8fc3-e0d7c3a99ac4 2018 d5a2eb42-8065-4174-ab79-0a6fa820e35e,31.5,0,50.0,1,1,0,63,0,0,0,63,0,63,3.801,95.8,0,0,0,0,0,0,63
30198d30-9769-4e10-ac86-b4c91d940802 2018 d5a2eb42-8065-4174-ab79-0a6fa820e35e,7.665,169,63.786,310,48,31,3725,84,14,18,71,51,3552,1145.595,93.7,33,173,25,3,13,27,3725
7f3ef024-eb34-46af-8b9e-544cdf09378f 2018 d5a2eb42-8065-4174-ab79-0a6fa820e35e,5.565,37,49.412,42,13,5,473,21,2,9,47,47,392,233.90400000000002,64.5,2,81,13,1,5,2,473
ef21feb3-991e-42d7-bb16-8bc92f7894bf 2018 d5a2eb42-8065-4174-ab79-0a6fa820e35e,0.0,0,0.0,0,0,0,0,0,1,0,0,0,0,2.7239999999999998,0.0,0,0,0,0,0,0,0
64797df2-efd3-4b27-86ee-1d48f7edb09f 2018 ebd87119-b331-4469-9ea6-d51fe3ce2f1c,6.504,116,61.214,232,48,22,2465,47,6,22,71,33,2386,900.781,84.2,23,79,16,3,9,12,2465
8dfb370d-460c-4bfc-9d62-888687248783 2018 ebd87119-b331-4469-9ea6-d51fe3ce2f1c,3.5,4,33.333,2,1,0,21,1,0,0,14,0,21,13.96,44.4,0,0,0,0,1,0,21
e06a9c07-453a-4bb0-a7e9-2c3a64166dad 2018 ebd87119-b331-4469-9ea6-d51fe3ce2f1c,7.065,51,58.235,99,24,7,1201,33,3,9,74,68,1130,455.72099999999983,84.5,10,71,16,0,6,6,1201
15bedebc-839e-450a-86f6-1f5ad1f4f820 2018 cb2f9f1f-ac67-424e-9e72-1475cb0ed398,3.583,2,50.0,6,4,0,43,1,1,1,22,0,43,30.252,24.0,0,0,0,0,0,0,43
16e33176-b73e-49b7-b0aa-c405b47a706e 2018 cb2f9f1f-ac67-424e-9e72-1475cb0ed398,0.0,0,0.0,0,0,0,0,0,0,1,0,0,0,0.662,39.6,0,0,0,0,0,0,0
441eb531-1ec8-4f65-9174-78bc6adada63 2018 cb2f9f1f-ac67-424e-9e72-1475cb0ed398,2.0,0,100.0,1,0,0,2,0,0,0,2,2,2,0.0,118.8,1,0,0,0,0,1,2
ea357add-1a41-4a8b-8f34-bbfade7f4d98 2018 cb2f9f1f-ac67-424e-9e72-1475cb0ed398,7.599,164,66.96300000000001,452,67,24,5129,58,16,37,97,97,4963,1586.6920000000002,96.5,51,166,24,3,7,34,5129
9fbcfae9-dd14-415c-8952-9b1b5dff0dfc 2018 82cf9565-6eb9-4f01-bdbd-5aa0d472fcd9,0.0,0,0.0,0,0,0,0,0,0,0,0,0,0,2.715,39.6,0,0,0,0,0,0,0
ad2258ab-67f0-41c2-bcf3-f3ba145187dc 2018 82cf9565-6eb9-4f01-bdbd-5aa0d472fcd9,0.5,2,50.0,2,1,0,2,1,0,1,4,0,2,8.355,56.3,0,0,0,0,0,0,2
e3181493-6a2a-4e95-aa6f-3fc1ddeb7512 2018 82cf9565-6eb9-4f01-bdbd-5aa0d472fcd9,7.188,154,67.293,430,74,37,4593,50,15,51,68,68,4459,1502.8580000000004,98.7,37,134,18,2,8,39,4593
046c51bc-319e-4fbb-9cf3-f6ab808b8edf 2018 f7ddd7fa-0bae-4f90-bc8e-669e4d6cf2de,0.0,1,0.0,0,0,0,0,0,0,1,0,0,0,2.795,39.6,1,0,0,0,0,0,0
573f7acc-376b-4f37-8039-5c4c15c4a508 2018 f7ddd7fa-0bae-4f90-bc8e-669e4d6cf2de,5.412000000000001,42,64.885,85,9,9,709,27,2,13,35,7,560,384.664,77.4,7,149,22,0,10,2,709
6723249c-5fb5-4b0a-9373-cb59cdc99ec8 2018 f7ddd7fa-0bae-4f90-bc8e-669e4d6cf2de,6.744,128,60.298,243,54,24,2718,30,11,31,80,80,2545,1061.565,79.8,23,173,31,0,12,13,2718
5c48ade7-4b9a-4757-9643-87a6e3839e2b 2018 82d2d380-3834-4938-835f-aec541e5ece7,0.0,0,0.0,0,0,0,0,0,0,0,0,0,0,1.423,39.6,0,0,0,0,0,0,0
eec5265c-7731-4bb6-8af2-4f98a67f9ab7 2018 82d2d380-3834-4938-835f-aec541e5ece7,8.248,163,68.317,345,40,17,4165,77,9,59,73,73,3781,1416.6589999999994,103.1,32,384,62,6,13,26,4165
7c16c04c-04de-41f3-ac16-ad6a9435e3f7 2018 d26a1ca5-722d-4274-8f97-c92e49c96315,7.6370000000000005,108,68.882,228,23,15,2528,59,8,14,61,61,2285,897.1399999999996,92.3,29,243,42,0,12,11,2528
865d8df9-06ec-40c3-8c71-637f9fd0bcbf 2018 d26a1ca5-722d-4274-8f97-c92e49c96315,21.0,1,100.0,1,0,0,21,0,0,0,21,0,21,1.7080000000000002,118.8,0,0,0,0,0,0,21
87c481c7-7414-43cc-82df-19ca0c2ae22e 2018 d26a1ca5-722d-4274-8f97-c92e49c96315,4.667,0,66.667,2,0,0,14,1,0,0,8,0,14,4.23,77.1,0,0,0,0,0,0,14
de816e24-8442-49a4-99cd-dde7e7c05863 2018 d26a1ca5-722d-4274-8f97-c92e49c96315,6.1979999999999995,28,60.396,61,10,4,626,9,4,2,35,22,589,226.878,74.9,3,37,5,0,2,4,626
1b3d350a-478b-4542-a430-d12cc96adc22 2018 ce92bd47-93d5-4fe9-ada4-0fc681e6caa0,6.638,180,62.287,365,55,34,3890,77,15,51,64,64,3655,1410.1270000000004,81.2,32,235,34,2,35,18,3890
fd4e8681-f2f4-47c7-b954-a72be9b1ca00 2018 ce92bd47-93d5-4fe9-ada4-0fc681e6caa0,28.0,0,100.0,1,0,0,28,0,0,0,28,28,28,3.477,158.3,0,0,0,0,0,1,28
cfc93f5e-105e-4a5e-88d3-f4279893cfa8 2018 1f6dcffb-9823-43cd-9ff4-e7a8466749b5,2.0,1,25.0,1,2,0,8,2,0,2,8,0,-8,13.084000000000001,39.6,0,16,1,0,1,0,8
e47706c7-e14d-41fb-b13b-83a835a1f3bc 2018 1f6dcffb-9823-43cd-9ff4-e7a8466749b5,8.48,151,68.307,347,61,23,4308,45,12,46,75,75,4104,1286.098,105.5,39,204,32,0,13,32,4308
11cad59d-90dd-449c-a839-dddaba4fe16c 2018 6680d28d-d4d2-49f6-aace-5292d3ec02c2,8.788,127,66.03399999999999,383,49,28,5097,121,12,67,89,89,4926,1452.8279999999993,113.8,55,171,26,1,24,50,5097
f55053e4-4bfd-495d-981a-d62e3662f01b 2018 6680d28d-d4d2-49f6-aace-5292d3ec02c2,9.667,2,66.667,2,0,1,29,0,0,0,22,0,29,5.48,97.9,0,0,0,0,0,0,29
9f026fc0-4449-4dc5-a226-2e2830619381 2018 1c1cec48-6352-4556-b789-35304c1a6ae1,7.322,141,68.89699999999999,381,46,33,4049,69,10,28,66,31,3750,1366.59,93.9,32,299,51,7,21,19,4049
d4b30988-e8c5-4689-8037-f79a0d3c2774 2018 1c1cec48-6352-4556-b789-35304c1a6ae1,2.667,0,33.333,1,0,0,8,1,0,1,8,0,1,10.540999999999999,42.4,0,7,1,0,2,0,8
7092bb09-a161-4ab9-8d19-fdcf1a91bb3d 2018 e627eec7-bbae-4fa4-8e73-8e1d6bc5c060,0.0,1,0.0,0,0,0,0,1,0,0,0,0,0,5.102,39.6,1,0,0,0,0,0,0
86197778-8d4b-4eba-affe-08ef7be7c70b 2018 e627eec7-bbae-4fa4-8e73-8e1d6bc5c060,7.386,168,67.681,356,46,22,3885,73,8,49,90,90,3538,1414.136,96.9,41,347,56,0,13,22,3885
c8232b55-6617-4dd9-a7cf-cf14cd9a29ab 2018 386bdbf9-9eea-4869-bb9a-274b0bc66e80,7.246,38,72.308,141,21,8,1413,19,4,16,83,83,1366,481.486,96.0,13,47,9,2,3,7,1413
cfb0ff68-51cb-4dad-ba81-f9e019a93a91 2018 386bdbf9-9eea-4869-bb9a-274b0bc66e80,15.0,0,100.0,1,0,0,15,0,0,0,15,0,15,0.99,118.8,0,0,0,0,0,0,15
e1c506bd-9e36-45e7-b2b9-fff6a9728a06 2018 386bdbf9-9eea-4869-bb9a-274b0bc66e80,11.0,1,50.0,1,0,0,22,1,0,0,22,22,22,4.291,129.2,0,0,0,0,0,1,22
e9a5c16b-4472-4be9-8030-3f77be7890cb 2018 386bdbf9-9eea-4869-bb9a-274b0bc66e80,7.666,124,69.57600000000001,279,45,15,3074,44,7,31,58,56,2872,1013.371,102.2,33,202,31,2,3,21,3074
354dec38-b88b-4ba0-8974-859123f27c45 2018 04aa1c9d-66da-489d-b16a-1dee3f2eec4d,53.0,2,100.0,2,0,0,106,0,0,0,57,57,106,5.9639999999999995,158.3,0,0,0,0,0,2,106
6cb6226e-f08c-4192-95f1-69709ed686c6 2018 04aa1c9d-66da-489d-b16a-1dee3f2eec4d,7.4639999999999995,122,65.972,380,68,24,4299,64,11,41,58,33,3941,1476.381,92.4,36,358,47,1,9,21,4299
d11ad65e-9d24-4157-9f5b-ef8495bcc791 2018 04aa1c9d-66da-489d-b16a-1dee3f2eec4d,0.0,2,0.0,0,3,0,0,0,1,3,0,0,0,12.606000000000002,0.0,0,0,0,0,0,0,0
2fda010a-8c62-4c07-b601-4ba03f57e6af 2018 22052ff7-c065-42ee-bc8f-c4691c50e624,6.646,82,62.5,205,36,15,2180,51,5,23,52,46,2059,848.4699999999998,85.7,12,121,22,2,14,10,2180
3699dfd9-d437-43f7-b674-adbb31e7e64b 2018 22052ff7-c065-42ee-bc8f-c4691c50e624,6.888999999999999,6,62.963,34,11,0,372,8,3,3,53,53,336,135.773,78.6,5,36,6,2,0,3,372
73e133bf-d3f7-4fda-bd25-2fde66cb8ee1 2018 22052ff7-c065-42ee-bc8f-c4691c50e624,6.484,36,57.143,52,13,8,590,18,4,6,79,79,523,255.73999999999995,69.4,6,67,9,0,6,3,590
e6c40f79-1bbd-4f62-9391-7f535f110c0d 2018 22052ff7-c065-42ee-bc8f-c4691c50e624,3.943,8,54.286,19,5,6,138,10,3,4,20,0,96,100.248,28.0,0,42,7,0,0,0,138
0045a36c-f464-49e0-a25a-9210edc94bc1 2018 7b112545-38e6-483c-a55c-96cf6ee49cb8,6.776,20,69.737,53,9,2,515,5,2,5,46,14,475,212.422,90.6,7,40,9,0,0,3,515
7a1b8f1a-9024-4897-86b0-01c63e00305e 2018 7b112545-38e6-483c-a55c-96cf6ee49cb8,7.426,120,66.59,289,45,11,3223,59,12,18,70,70,3080,1095.661,95.4,25,143,24,1,10,24,3223
a8342d20-9901-49a6-bc45-79f192418188 2018 7b112545-38e6-483c-a55c-96cf6ee49cb8,1.0,0,100.0,1,0,0,1,0,0,0,1,1,1,1.5490000000000002,118.8,1,0,0,0,0,1,1
bfaedf99-7618-4925-b362-90415c22a3b6 2018 7b112545-38e6-483c-a55c-96cf6ee49cb8,8.0,1,100.0,1,0,0,8,0,0,1,8,0,8,1.6540000000000001,100.0,0,0,0,0,0,0,8
617435c6-4a3f-4689-ab15-44bd93b33615 2018 c5a59daa-53a7-4de0-851f-fb12be893e9e,0.0,0,0.0,0,0,0,0,0,0,0,0,0,0,0.5870000000000001,39.6,0,0,0,0,1,0,0
67f5e782-f91c-4536-9818-cf4a0e7e821d 2018 c5a59daa-53a7-4de0-851f-fb12be893e9e,8.0,0,100.0,1,0,0,8,0,0,0,8,8,8,0.0,139.6,1,0,0,0,0,1,8
8263e101-aa33-435f-bf0f-388e1c4eeb59 2018 c5a59daa-53a7-4de0-851f-fb12be893e9e,3.471,3,41.176,7,3,1,59,1,1,0,11,0,46,41.218,26.3,0,13,1,0,1,0,59
ade43b1a-0601-4672-83b6-d246bc066a19 2018 c5a59daa-53a7-4de0-851f-fb12be893e9e,6.805,165,66.126,367,49,29,3777,56,11,34,67,45,3522,1351.769,89.9,27,255,40,1,15,21,3777
0ce48193-e2fa-466e-a986-33f751add206 2018 a20471b4-a8d9-40c7-95ad-90cc30e46932,7.441,153,62.312,372,42,27,4442,90,2,38,75,75,4089,1635.51,97.6,31,353,49,2,48,25,4442
2a78e2e7-4ef3-4cdd-85e8-0d254b65143e 2018 a20471b4-a8d9-40c7-95ad-90cc30e46932,4.452,5,47.619,20,4,4,187,5,2,4,29,0,149,114.10300000000002,40.5,0,38,4,1,3,0,187
bbd0942c-6f77-4f83-a6d0-66ec6548019e 2018 33405046-04ee-4058-a950-d606f8c30852,7.0920000000000005,143,70.132,425,68,25,4298,97,10,39,75,75,4036,1623.2980000000002,99.7,41,262,40,3,17,30,4298
0742d2ea-1cf2-49a6-a150-77ba6e034d8c 2018 4254d319-1bc7-4f81-b4ab-b5e6f3402b69,9.618,76,66.667,164,32,8,2366,24,12,27,75,75,2290,633.091,100.4,21,76,14,0,6,17,2366
fb3b36fc-b985-4807-8199-d038d7e62a93 2018 4254d319-1bc7-4f81-b4ab-b5e6f3402b69,7.915,84,64.55,244,50,18,2992,43,14,29,64,60,2835,982.362,90.2,21,157,27,1,5,19,2992
1726a359-9444-4761-a1f2-cb35ee6fa60e 2018 e6aa13a4-0055-48a9-bc41-be28dc106929,2.5,1,50.0,1,0,0,5,0,0,0,5,5,5,5.674,95.8,1,0,0,0,0,1,5
1f09583f-dcc1-43e8-a7fc-f063d2c96508 2018 e6aa13a4-0055-48a9-bc41-be28dc106929,2.8569999999999998,0,71.429,5,0,1,20,0,0,0,9,0,20,10.484000000000002,74.1,0,0,0,0,0,0,20
7e648a0b-fdc8-4661-a587-5826f2cac11b 2018 e6aa13a4-0055-48a9-bc41-be28dc106929,8.099,201,69.408,422,52,36,4924,53,7,48,75,75,4628,1504.2499999999998,108.1,40,296,42,1,18,35,4924
214e55e4-a089-412d-9598-a16495df0d25 2018 f14bf5cc-9a82-4a38-bc15-d39f75ed5314,7.207999999999999,135,67.941,320,46,24,3395,49,13,22,82,51,3182,1166.2429999999995,94.2,34,213,29,3,16,24,3395
2c259733-ec2c-4e3c-bb7b-34dc0d37dc34 2018 f14bf5cc-9a82-4a38-bc15-d39f75ed5314,5.614,17,61.403999999999996,35,4,0,320,5,3,8,33,1,303,138.11199999999994,60.6,5,17,2,1,3,1,320
56073e7b-84ca-4d4a-a2e7-1bfc0277e8d4 2018 f14bf5cc-9a82-4a38-bc15-d39f75ed5314,13.333,3,66.667,2,0,0,40,1,0,1,31,0,35,13.31,109.7,0,5,1,0,1,0,40
d2023f5b-f73b-43ad-a816-f10dadfdfaed 2018 f14bf5cc-9a82-4a38-bc15-d39f75ed5314,8.581,11,64.516,20,1,0,266,3,0,5,53,53,266,75.36500000000002,113.1,3,0,0,0,1,2,266
f96db0af-5e25-42d1-a07a-49b4e065b364 2018 f14bf5cc-9a82-4a38-bc15-d39f75ed5314,50.0,1,100.0,1,0,0,50,0,0,0,50,50,50,2.2840000000000003,158.3,0,0,0,0,0,1,50
3c8a55dd-20a8-4375-b711-49eb5e6e1d0e 2018 0d855753-ea21-4953-89f9-0e20aff9eb73,9.142999999999999,1,42.857,3,1,2,64,0,1,1,44,0,61,17.546,36.3,2,3,1,0,0,0,64
bb5957e6-ce7d-47ab-8036-22191ffc1c44 2018 0d855753-ea21-4953-89f9-0e20aff9eb73,8.164,137,74.438,364,41,22,3992,43,5,24,72,72,3871,1189.285,115.7,61,121,17,0,13,32,3992
d4cb52a9-f6b4-42ed-b40b-27bff5f1eea7 2018 0d855753-ea21-4953-89f9-0e20aff9eb73,5.13,6,60.87,14,6,0,118,5,1,0,18,9,110,65.98499999999999,70.6,3,8,2,0,1,1,118
42de9d1d-0352-460b-9172-9452414fd7fd 2018 f0e724b0-4cbf-495a-be47-013907608da9,8.067,21,59.551,53,13,5,718,16,3,4,56,35,621,248.217,90.0,8,97,13,0,2,5,718
6608fdbf-6c93-47cc-ad44-9da2fda598ce 2018 f0e724b0-4cbf-495a-be47-013907608da9,7.4079999999999995,62,60.355,102,25,10,1252,10,7,18,82,82,1096,429.70999999999987,81.8,13,156,18,0,5,8,1252
7738fea8-7ea2-4c4c-b589-bca90b070819 2018 f0e724b0-4cbf-495a-be47-013907608da9,8.31,79,64.234,176,35,12,2277,32,10,41,85,85,2150,675.6089999999998,90.8,22,127,17,4,13,13,2277
5c079a21-ae9e-4b38-a69a-47706fa8dd67 2018 de760528-1dc0-416a-a978-b510d20692ff,5.796,106,55.216,217,56,21,2278,39,14,38,75,75,1958,1018.922,66.7,18,320,45,1,22,11,2278
b6a61b38-5cfa-46eb-b1c5-b0255d7ebaf5 2018 de760528-1dc0-416a-a978-b510d20692ff,32.0,0,100.0,1,0,0,32,0,0,0,32,32,32,3.26,158.3,0,0,0,0,0,1,32
cc3640b0-7560-431f-84ab-599e9dc8cac6 2018 de760528-1dc0-416a-a978-b510d20692ff,5.0,17,62.5,50,12,5,400,8,4,9,35,35,367,186.562,62.5,3,33,6,0,2,2,400
e1235f1e-26ce-438c-8168-3b1ded4ab893 2018 de760528-1dc0-416a-a978-b510d20692ff,8.286,4,71.429,15,1,0,174,1,0,0,26,7,166,43.40300000000001,112.0,0,8,1,0,0,1,174
91ead748-e3b0-4926-bd3b-3e327b44e6bc 2018 2eff2a03-54d4-46ba-890e-2bc3925548f3,7.667000000000001,1,66.667,2,0,1,23,0,0,0,18,0,23,6.645,89.6,0,0,0,0,0,0,23
aba8f925-ffbf-4654-bfa7-a25d3d237494 2018 2eff2a03-54d4-46ba-890e-2bc3925548f3,8.357000000000001,151,64.884,364,61,13,4688,66,12,34,70,70,4465,1564.64,101.1,54,223,33,2,29,32,4688
409d4cac-ee90-4470-9710-ebe671678339 2018 3d08af9e-c767-4f88-a7dc-b920c6d2b4a8,8.075,145,65.574,280,36,18,3448,82,7,31,66,52,3093,1188.094,110.9,35,355,51,8,24,35,3448
